image,output
image_2749.jpg,0
image_4372.jpg,0
image_1705.jpg,0
image_4059.jpg,0
image_5.jpg,0
image_2064.jpg,0
image_1802.jpg,0
image_2071.jpg,0
image_2857.jpg,0
image_2053.jpg,0
image_4787.jpg,0
image_377.jpg,0
image_737.jpg,0
image_4294.jpg,0
image_5262.jpg,0
image_4982.jpg,0
image_2747.jpg,0
image_1493.jpg,0
image_5804.jpg,0
image_3067.jpg,0
image_4111.jpg,0
image_1665.jpg,0
image_374.jpg,0
image_3768.jpg,0
image_1918.jpg,0
image_3599.jpg,0
image_3781.jpg,0
image_5802.jpg,0
image_41.jpg,0
image_2480.jpg,0
image_5176.jpg,0
image_5285.jpg,0
image_4353.jpg,0
image_5383.jpg,0
image_1777.jpg,0
image_1479.jpg,0
image_190.jpg,0
image_5195.jpg,0
image_16.jpg,0
image_228.jpg,0
image_182.jpg,0
image_5238.jpg,0
image_5223.jpg,0
image_5861.jpg,0
image_4958.jpg,0
image_1928.jpg,0
image_3401.jpg,0
image_2065.jpg,0
image_166.jpg,0
image_4970.jpg,0
image_4120.jpg,0
image_1525.jpg,0
image_63.jpg,0
image_3358.jpg,0
image_3760.jpg,0
image_782.jpg,0
image_2481.jpg,0
image_5756.jpg,0
image_2461.jpg,0
image_2745.jpg,0
image_2074.jpg,0
image_2442.jpg,0
image_3.jpg,0
image_5855.jpg,0
image_5289.jpg,0
image_4744.jpg,0
image_1487.jpg,0
image_4128.jpg,0
image_1954.jpg,0
image_2686.jpg,0
image_3794.jpg,0
image_2005.jpg,0
image_3877.jpg,0
image_4086.jpg,0
image_2696.jpg,0
image_5288.jpg,0
image_5837.jpg,0
image_2507.jpg,0
image_2751.jpg,0
image_4366.jpg,0
image_3023.jpg,0
image_2437.jpg,0
image_5759.jpg,0
image_5822.jpg,0
image_39.jpg,0
image_5164.jpg,0
image_3857.jpg,0
image_5235.jpg,0
image_4320.jpg,0
image_365.jpg,0
image_1701.jpg,0
image_1377.jpg,0
image_5114.jpg,0
image_5154.jpg,0
image_3351.jpg,0
image_235.jpg,0
image_4368.jpg,0
image_5184.jpg,0
image_1379.jpg,0
image_3820.jpg,0
image_5308.jpg,0
image_803.jpg,0
image_4110.jpg,0
image_36.jpg,0
image_5253.jpg,0
image_175.jpg,0
image_2861.jpg,0
image_3043.jpg,0
image_3507.jpg,0
image_369.jpg,0
image_180.jpg,0
image_1398.jpg,0
image_5807.jpg,0
image_4093.jpg,0
image_25.jpg,0
image_5771.jpg,0
image_5177.jpg,0
image_2001.jpg,0
image_1649.jpg,0
image_3566.jpg,0
image_4992.jpg,0
image_5016.jpg,0
image_1478.jpg,0
image_2733.jpg,0
image_5770.jpg,0
image_3528.jpg,0
image_5172.jpg,0
image_2714.jpg,0
image_5902.jpg,0
image_2730.jpg,0
image_1960.jpg,0
image_236.jpg,0
image_13.jpg,0
image_1498.jpg,0
image_1854.jpg,0
image_1677.jpg,0
image_341.jpg,0
image_5883.jpg,0
image_1910.jpg,0
image_5160.jpg,0
image_5886.jpg,0
image_1658.jpg,0
image_1520.jpg,0
image_5246.jpg,0
image_189.jpg,0
image_3771.jpg,0
image_3024.jpg,0
image_2474.jpg,0
image_4096.jpg,0
image_5259.jpg,0
image_2699.jpg,0
image_368.jpg,0
image_1962.jpg,0
image_5148.jpg,0
image_29.jpg,0
image_2497.jpg,0
image_2716.jpg,0
image_3775.jpg,0
image_1535.jpg,0
image_1474.jpg,0
image_1387.jpg,0
image_1711.jpg,0
image_478.jpg,0
image_3556.jpg,0
image_223.jpg,0
image_4054.jpg,0
image_1955.jpg,0
image_1687.jpg,0
image_4317.jpg,0
image_1949.jpg,0
image_5867.jpg,0
image_767.jpg,0
image_2436.jpg,0
image_4979.jpg,0
image_332.jpg,0
image_1473.jpg,0
image_1480.jpg,0
image_3569.jpg,0
image_5420.jpg,0
image_366.jpg,0
image_5828.jpg,0
image_5335.jpg,0
image_1502.jpg,0
image_3063.jpg,0
image_5249.jpg,0
image_2080.jpg,0
image_1518.jpg,0
image_207.jpg,0
image_380.jpg,0
image_1779.jpg,0
image_4322.jpg,0
image_1662.jpg,0
image_3006.jpg,0
image_1488.jpg,0
image_204.jpg,0
image_771.jpg,0
image_57.jpg,0
image_4113.jpg,0
image_2750.jpg,0
image_3378.jpg,0
image_4057.jpg,0
image_4949.jpg,0
image_3335.jpg,0
image_65.jpg,0
image_1899.jpg,0
image_5244.jpg,0
image_5000.jpg,0
image_19.jpg,0
image_178.jpg,0
image_3384.jpg,0
image_3811.jpg,0
image_2022.jpg,0
image_5018.jpg,0
image_192.jpg,0
image_14.jpg,0
image_2895.jpg,0
image_3527.jpg,0
image_3323.jpg,0
image_781.jpg,0
image_3524.jpg,0
image_176.jpg,0
image_1731.jpg,0
image_55.jpg,0
image_384.jpg,0
image_1923.jpg,0
image_5116.jpg,0
image_3342.jpg,0
image_1783.jpg,0
image_4098.jpg,0
image_5170.jpg,0
image_4948.jpg,0
image_1508.jpg,0
image_24.jpg,0
image_5772.jpg,0
image_1536.jpg,0
image_5782.jpg,0
image_3348.jpg,0
image_2894.jpg,0
image_5237.jpg,0
image_2708.jpg,0
image_1754.jpg,0
image_1911.jpg,0
image_5292.jpg,0
image_5143.jpg,0
image_3381.jpg,0
image_4326.jpg,0
image_1969.jpg,0
image_1760.jpg,0
image_3501.jpg,0
image_5846.jpg,0
image_5212.jpg,0
image_2836.jpg,0
image_193.jpg,0
image_54.jpg,0
image_1686.jpg,0
image_5860.jpg,0
image_5773.jpg,0
image_181.jpg,0
image_3831.jpg,0
image_5869.jpg,0
image_2445.jpg,0
image_3361.jpg,0
image_1836.jpg,0
image_5113.jpg,0
image_5842.jpg,0
image_3341.jpg,0
image_1811.jpg,0
image_12.jpg,0
image_2875.jpg,0
image_2835.jpg,0
image_1670.jpg,0
image_3866.jpg,0
image_1383.jpg,0
image_4316.jpg,0
image_3326.jpg,0
image_5311.jpg,0
image_3854.jpg,0
image_1837.jpg,0
image_1774.jpg,0
image_3845.jpg,0
image_1820.jpg,0
image_5878.jpg,0
image_3788.jpg,0
image_1740.jpg,0
image_5126.jpg,0
image_3333.jpg,0
image_3783.jpg,0
image_5151.jpg,0
image_1745.jpg,0
image_1821.jpg,0
image_74.jpg,0
image_2073.jpg,0
image_331.jpg,0
image_3793.jpg,0
image_3330.jpg,0
image_5204.jpg,0
image_5847.jpg,0
image_5418.jpg,0
image_1968.jpg,0
image_162.jpg,0
image_1984.jpg,0
image_3822.jpg,0
image_5210.jpg,0
image_3496.jpg,0
image_227.jpg,0
image_4094.jpg,0
image_2082.jpg,0
image_2841.jpg,0
image_980.jpg,0
image_5198.jpg,0
image_3387.jpg,0
image_2687.jpg,0
image_5816.jpg,0
image_1723.jpg,0
image_3498.jpg,0
image_5331.jpg,0
image_2712.jpg,0
image_327.jpg,0
image_5786.jpg,0
image_2036.jpg,0
image_3573.jpg,0
image_4338.jpg,0
image_5755.jpg,0
image_2464.jpg,0
image_1516.jpg,0
image_363.jpg,0
image_1506.jpg,0
image_234.jpg,0
image_3485.jpg,0
image_1692.jpg,0
image_1753.jpg,0
image_183.jpg,0
image_1693.jpg,0
image_2866.jpg,0
image_3034.jpg,0
image_1957.jpg,0
image_5307.jpg,0
image_5852.jpg,0
image_4082.jpg,0
image_4106.jpg,0
image_3582.jpg,0
image_3795.jpg,0
image_3552.jpg,0
image_3540.jpg,0
image_5153.jpg,0
image_3016.jpg,0
image_5758.jpg,0
image_2099.jpg,0
image_3604.jpg,0
image_75.jpg,0
image_5316.jpg,0
image_3853.jpg,0
image_383.jpg,0
image_4341.jpg,0
image_4754.jpg,0
image_1832.jpg,0
image_3017.jpg,0
image_4312.jpg,0
image_1967.jpg,0
image_2432.jpg,0
image_330.jpg,0
image_2024.jpg,0
image_1495.jpg,0
image_5015.jpg,0
image_348.jpg,0
image_5207.jpg,0
image_786.jpg,0
image_241.jpg,0
image_2046.jpg,0
image_3362.jpg,0
image_3553.jpg,0
image_3539.jpg,0
image_385.jpg,0
image_5355.jpg,0
image_3511.jpg,0
image_3000.jpg,0
image_4101.jpg,0
image_3558.jpg,0
image_205.jpg,0
image_1527.jpg,0
image_4109.jpg,0
image_3858.jpg,0
image_4125.jpg,0
image_1676.jpg,0
image_3015.jpg,0
image_2063.jpg,0
image_370.jpg,0
image_5258.jpg,0
image_1471.jpg,0
image_4994.jpg,0
image_5753.jpg,0
image_23.jpg,0
image_5226.jpg,0
image_2859.jpg,0
image_3601.jpg,0
image_479.jpg,0
image_783.jpg,0
image_2441.jpg,0
image_5833.jpg,0
image_5202.jpg,0
image_2848.jpg,0
image_5242.jpg,0
image_2083.jpg,0
image_5188.jpg,0
image_5879.jpg,0
image_4946.jpg,0
image_5020.jpg,0
image_2864.jpg,0
image_3800.jpg,0
image_1.jpg,0
image_4771.jpg,0
image_5182.jpg,0
image_3610.jpg,0
image_3379.jpg,0
image_2842.jpg,0
image_3061.jpg,0
image_1975.jpg,0
image_167.jpg,0
image_3572.jpg,0
image_5250.jpg,0
image_736.jpg,0
image_4091.jpg,0
image_3796.jpg,0
image_4115.jpg,0
image_2470.jpg,0
image_2753.jpg,0
image_3534.jpg,0
image_2452.jpg,0
image_1486.jpg,0
image_1685.jpg,0
image_2705.jpg,0
image_3827.jpg,0
image_5017.jpg,0
image_5167.jpg,0
image_4079.jpg,0
image_4078.jpg,0
image_73.jpg,0
image_4340.jpg,0
image_4957.jpg,0
image_5110.jpg,0
image_2004.jpg,0
image_2100.jpg,0
image_226.jpg,0
image_2062.jpg,0
image_1773.jpg,0
image_188.jpg,0
image_3051.jpg,0
image_4763.jpg,0
image_5239.jpg,0
image_4327.jpg,0
image_2475.jpg,0
image_1794.jpg,0
image_4302.jpg,0
image_5174.jpg,0
image_3769.jpg,0
image_3486.jpg,0
image_1743.jpg,0
image_5393.jpg,0
image_3535.jpg,0
image_2999.jpg,0
image_5374.jpg,0
image_779.jpg,0
image_3581.jpg,0
image_1762.jpg,0
image_3586.jpg,0
image_3805.jpg,0
image_1703.jpg,0
image_2862.jpg,0
image_1051.jpg,0
image_2002.jpg,0
image_3809.jpg,0
image_3876.jpg,0
image_1900.jpg,0
image_5186.jpg,0
image_4089.jpg,0
image_5793.jpg,0
image_1534.jpg,0
image_5193.jpg,0
image_4347.jpg,0
image_40.jpg,0
image_3776.jpg,0
image_5808.jpg,0
image_1970.jpg,0
image_3324.jpg,0
image_4974.jpg,0
image_1702.jpg,0
image_3392.jpg,0
image_5298.jpg,0
image_1505.jpg,0
image_3352.jpg,0
image_5214.jpg,0
image_4119.jpg,0
image_2738.jpg,0
image_5783.jpg,0
image_4050.jpg,0
image_3366.jpg,0
image_1750.jpg,0
image_5224.jpg,0
image_5343.jpg,0
image_3836.jpg,0
image_2707.jpg,0
image_1829.jpg,0
image_5142.jpg,0
image_3733.jpg,0
image_2854.jpg,0
image_5179.jpg,0
image_4344.jpg,0
image_378.jpg,0
image_5205.jpg,0
image_4117.jpg,0
image_4293.jpg,0
image_5155.jpg,0
image_1759.jpg,0
image_1663.jpg,0
image_3489.jpg,0
image_5317.jpg,0
image_1489.jpg,0
image_3513.jpg,0
image_4102.jpg,0
image_2055.jpg,0
image_2734.jpg,0
image_2465.jpg,0
image_2457.jpg,0
image_4956.jpg,0
image_5196.jpg,0
image_2101.jpg,0
image_3531.jpg,0
image_1828.jpg,0
image_2447.jpg,0
image_185.jpg,0
image_3360.jpg,0
image_5891.jpg,0
image_4306.jpg,0
image_5829.jpg,0
image_4296.jpg,0
image_225.jpg,0
image_5149.jpg,0
image_203.jpg,0
image_5789.jpg,0
image_1953.jpg,0
image_3821.jpg,0
image_3036.jpg,0
image_5798.jpg,0
image_5181.jpg,0
image_5859.jpg,0
image_5206.jpg,0
image_1819.jpg,0
image_1988.jpg,0
image_46.jpg,0
image_0.jpg,0
image_1496.jpg,0
image_1782.jpg,0
image_5221.jpg,0
image_390.jpg,0
image_11.jpg,0
image_4987.jpg,0
image_1465.jpg,0
image_758.jpg,0
image_5301.jpg,0
image_1529.jpg,0
image_3514.jpg,0
image_5173.jpg,0
image_1490.jpg,0
image_3837.jpg,0
image_5858.jpg,0
image_3759.jpg,0
image_1901.jpg,0
image_3037.jpg,0
image_4954.jpg,0
image_1674.jpg,0
image_3350.jpg,0
image_4770.jpg,0
image_4365.jpg,0
image_381.jpg,0
image_3835.jpg,0
image_66.jpg,0
image_373.jpg,0
image_1956.jpg,0
image_1761.jpg,0
image_4367.jpg,0
image_5213.jpg,0
image_3518.jpg,0
image_5403.jpg,0
image_1538.jpg,0
image_3375.jpg,0
image_3785.jpg,0
image_2502.jpg,0
image_5796.jpg,0
image_1666.jpg,0
image_1519.jpg,0
image_3523.jpg,0
image_5838.jpg,0
image_67.jpg,0
image_773.jpg,0
image_5760.jpg,0
image_972.jpg,0
image_17.jpg,0
image_791.jpg,0
image_5409.jpg,0
image_4965.jpg,0
image_762.jpg,0
image_2061.jpg,0
image_347.jpg,0
image_4343.jpg,0
image_4349.jpg,0
image_3058.jpg,0
image_2081.jpg,0
image_2056.jpg,0
image_3370.jpg,0
image_5136.jpg,0
image_4.jpg,0
image_215.jpg,0
image_2449.jpg,0
image_3778.jpg,0
image_3825.jpg,0
image_364.jpg,0
image_3053.jpg,0
image_480.jpg,0
image_4357.jpg,0
image_196.jpg,0
image_4060.jpg,0
image_242.jpg,0
image_5009.jpg,0
image_3334.jpg,0
image_5410.jpg,0
image_3732.jpg,0
image_5125.jpg,0
image_5180.jpg,0
image_4746.jpg,0
image_5127.jpg,0
image_339.jpg,0
image_198.jpg,0
image_78.jpg,0
image_5219.jpg,0
image_2444.jpg,0
image_324.jpg,0
image_2433.jpg,0
image_5185.jpg,0
image_1724.jpg,0
image_761.jpg,0
image_4952.jpg,0
image_3878.jpg,0
image_5297.jpg,0
image_4976.jpg,0
image_4122.jpg,0
image_1976.jpg,0
image_3603.jpg,0
image_470.jpg,0
image_5162.jpg,0
image_5135.jpg,0
image_5384.jpg,0
image_3787.jpg,0
image_4298.jpg,0
image_375.jpg,0
image_5157.jpg,0
image_3840.jpg,0
image_5751.jpg,0
image_3575.jpg,0
image_2740.jpg,0
image_3035.jpg,0
image_379.jpg,0
image_2.jpg,0
image_5190.jpg,0
image_5334.jpg,0
image_1757.jpg,0
image_5792.jpg,0
image_1938.jpg,0
image_4097.jpg,0
image_3810.jpg,0
image_5401.jpg,0
image_796.jpg,0
image_5192.jpg,0
image_64.jpg,0
image_3597.jpg,0
image_338.jpg,0
image_8.jpg,0
image_3806.jpg,0
image_1680.jpg,0
image_1749.jpg,0
image_5006.jpg,0
image_4966.jpg,0
image_3327.jpg,0
image_2721.jpg,0
image_3563.jpg,0
image_5302.jpg,0
image_5187.jpg,0
image_72.jpg,0
image_735.jpg,0
image_5887.jpg,0
image_5367.jpg,0
image_1681.jpg,0
image_3369.jpg,0
image_2446.jpg,0
image_4103.jpg,0
image_3612.jpg,0
image_3487.jpg,0
image_5811.jpg,0
image_5117.jpg,0
image_5328.jpg,0
image_5178.jpg,0
image_3066.jpg,0
image_1927.jpg,0
image_4071.jpg,0
image_5862.jpg,0
image_5882.jpg,0
image_5845.jpg,0
image_5325.jpg,0
image_794.jpg,0
image_4118.jpg,0
image_5229.jpg,0
image_2856.jpg,0
image_3797.jpg,0
image_4352.jpg,0
image_3567.jpg,0
image_1845.jpg,0
image_772.jpg,0
image_3784.jpg,0
image_3595.jpg,0
image_5145.jpg,0
image_3495.jpg,0
image_224.jpg,0
image_1715.jpg,0
image_5375.jpg,0
image_3576.jpg,0
image_1756.jpg,0
image_3830.jpg,0
image_5776.jpg,0
image_2884.jpg,0
image_5232.jpg,0
image_5836.jpg,0
image_1484.jpg,0
image_2722.jpg,0
image_4304.jpg,0
image_1735.jpg,0
image_3594.jpg,0
image_3506.jpg,0
image_3538.jpg,0
image_2874.jpg,0
image_2850.jpg,0
image_3542.jpg,0
image_5419.jpg,0
image_231.jpg,0
image_2054.jpg,0
image_4354.jpg,0
image_68.jpg,0
image_4084.jpg,0
image_3590.jpg,0
image_1476.jpg,0
image_1481.jpg,0
image_1827.jpg,0
image_5139.jpg,0
image_1739.jpg,0
image_3874.jpg,0
image_3029.jpg,0
image_5912.jpg,0
image_3056.jpg,0
image_3551.jpg,0
image_5261.jpg,0
image_1683.jpg,0
image_1770.jpg,0
image_174.jpg,0
image_4299.jpg,0
image_1466.jpg,0
image_2998.jpg,0
image_5294.jpg,0
image_3577.jpg,0
image_3779.jpg,0
image_785.jpg,0
image_5321.jpg,0
image_1904.jpg,0
image_4985.jpg,0
image_3584.jpg,0
image_2472.jpg,0
image_1983.jpg,0
image_172.jpg,0
image_77.jpg,0
image_5810.jpg,0
image_5234.jpg,0
image_5843.jpg,0
image_3856.jpg,0
image_186.jpg,0
image_2458.jpg,0
image_2697.jpg,0
image_4073.jpg,0
image_3529.jpg,0
image_1929.jpg,0
image_3522.jpg,0
image_1941.jpg,0
image_1947.jpg,0
image_5805.jpg,0
image_1468.jpg,0
image_5346.jpg,0
image_3033.jpg,0
image_3057.jpg,0
image_2045.jpg,0
image_4052.jpg,0
image_3521.jpg,0
image_3512.jpg,0
image_1380.jpg,0
image_177.jpg,0
image_1952.jpg,0
image_5010.jpg,0
image_5122.jpg,0
image_2695.jpg,0
image_1944.jpg,0
image_5817.jpg,0
image_3850.jpg,0
image_3525.jpg,0
image_5124.jpg,0
image_2006.jpg,0
image_5152.jpg,0
image_3761.jpg,0
image_1511.jpg,0
image_3564.jpg,0
image_5834.jpg,0
image_3585.jpg,0
image_1528.jpg,0
image_173.jpg,0
image_2731.jpg,0
image_5313.jpg,0
image_5835.jpg,0
image_5797.jpg,0
image_1386.jpg,0
image_5778.jpg,0
image_195.jpg,0
image_5826.jpg,0
image_1517.jpg,0
image_396.jpg,0
image_5788.jpg,0
image_3823.jpg,0
image_4083.jpg,0
image_5768.jpg,0
image_5795.jpg,0
image_1917.jpg,0
image_4984.jpg,0
image_4072.jpg,0
image_2742.jpg,0
image_5825.jpg,0
image_4745.jpg,0
image_5159.jpg,0
image_3396.jpg,0
image_4351.jpg,0
image_3544.jpg,0
image_4127.jpg,0
image_1684.jpg,0
image_1936.jpg,0
image_5875.jpg,0
image_1497.jpg,0
image_3367.jpg,0
image_3799.jpg,0
image_1752.jpg,0
image_1751.jpg,0
image_1499.jpg,0
image_5233.jpg,0
image_3803.jpg,0
image_1509.jpg,0
image_5412.jpg,0
image_2729.jpg,0
image_1791.jpg,0
image_760.jpg,0
image_5189.jpg,0
image_2703.jpg,0
image_5274.jpg,0
image_1639.jpg,0
image_4975.jpg,0
image_5134.jpg,0
image_3321.jpg,0
image_349.jpg,0
image_5222.jpg,0
image_5777.jpg,0
image_4092.jpg,0
image_168.jpg,0
image_201.jpg,0
image_4967.jpg,0
image_5823.jpg,0
image_2451.jpg,0
image_2888.jpg,0
image_3009.jpg,0
image_4947.jpg,0
image_5215.jpg,0
image_1672.jpg,0
image_2858.jpg,0
image_3847.jpg,0
image_2462.jpg,0
image_5284.jpg,0
image_1784.jpg,0
image_3547.jpg,0
image_2448.jpg,0
image_5851.jpg,0
image_2883.jpg,0
image_804.jpg,0
image_3541.jpg,0
image_5320.jpg,0
image_2693.jpg,0
image_5264.jpg,0
image_2739.jpg,0
image_5171.jpg,0
image_3863.jpg,0
image_5326.jpg,0
image_1050.jpg,0
image_5892.jpg,0
image_2871.jpg,0
image_194.jpg,0
image_4361.jpg,0
image_3018.jpg,0
image_3812.jpg,0
image_2092.jpg,0
image_3875.jpg,0
image_2844.jpg,0
image_3493.jpg,0
image_5111.jpg,0
image_4373.jpg,0
image_2846.jpg,0
image_4364.jpg,0
image_3044.jpg,0
image_4342.jpg,0
image_357.jpg,0
image_1940.jpg,0
image_5021.jpg,0
image_5225.jpg,0
image_5203.jpg,0
image_5866.jpg,0
image_2698.jpg,0
image_2741.jpg,0
image_1673.jpg,0
image_5809.jpg,0
image_4124.jpg,0
image_3865.jpg,0
image_1469.jpg,0
image_5814.jpg,0
image_3600.jpg,0
image_169.jpg,0
image_5123.jpg,0
image_1977.jpg,0
image_1937.jpg,0
image_4108.jpg,0
image_768.jpg,0
image_3557.jpg,0
image_3855.jpg,0
image_5231.jpg,0
image_1682.jpg,0
image_4116.jpg,0
image_5806.jpg,0
image_1648.jpg,0
image_3592.jpg,0
image_5824.jpg,0
image_5769.jpg,0
image_239.jpg,0
image_3046.jpg,0
image_3510.jpg,0
image_1920.jpg,0
image_1526.jpg,0
image_2456.jpg,0
image_1814.jpg,0
image_3606.jpg,0
image_1477.jpg,0
image_1946.jpg,0
image_1801.jpg,0
image_3325.jpg,0
image_1978.jpg,0
image_3774.jpg,0
image_5333.jpg,0
image_3054.jpg,0
image_3609.jpg,0
image_4104.jpg,0
image_1675.jpg,0
image_389.jpg,0
image_1483.jpg,0
image_745.jpg,0
image_45.jpg,0
image_2454.jpg,0
image_2748.jpg,0
image_4099.jpg,0
image_765.jpg,0
image_3488.jpg,0
image_1994.jpg,0
image_5175.jpg,0
image_4313.jpg,0
image_1659.jpg,0
image_3719.jpg,0
image_3773.jpg,0
image_2434.jpg,0
image_5779.jpg,0
image_4126.jpg,0
image_1716.jpg,0
image_3765.jpg,0
image_2855.jpg,0
image_5787.jpg,0
image_2872.jpg,0
image_1985.jpg,0
image_5163.jpg,0
image_5790.jpg,0
image_2852.jpg,0
image_3055.jpg,0
image_4753.jpg,0
image_359.jpg,0
image_2752.jpg,0
image_1501.jpg,0
image_4100.jpg,0
image_5011.jpg,0
image_2473.jpg,0
image_4055.jpg,0
image_3814.jpg,0
image_1778.jpg,0
image_3864.jpg,0
image_3772.jpg,0
image_358.jpg,0
image_361.jpg,0
image_5293.jpg,0
image_5161.jpg,0
image_50.jpg,0
image_6.jpg,0
image_1926.jpg,0
image_4996.jpg,0
image_509.jpg,0
image_755.jpg,0
image_802.jpg,0
image_5791.jpg,0
image_2847.jpg,0
image_3801.jpg,0
image_1688.jpg,0
image_5156.jpg,0
image_3484.jpg,0
image_3060.jpg,0
image_5832.jpg,0
image_746.jpg,0
image_3364.jpg,0
image_2463.jpg,0
image_5275.jpg,0
image_471.jpg,0
image_1482.jpg,0
image_22.jpg,0
image_5132.jpg,0
image_3008.jpg,0
image_5279.jpg,0
image_2997.jpg,0
image_3841.jpg,0
image_5208.jpg,0
image_5781.jpg,0
image_5763.jpg,0
image_5752.jpg,0
image_3782.jpg,0
image_3504.jpg,0
image_3052.jpg,0
image_4988.jpg,0
image_4105.jpg,0
image_3516.jpg,0
image_4359.jpg,0
image_3826.jpg,0
image_2609.jpg,0
image_4973.jpg,0
image_763.jpg,0
image_5014.jpg,0
image_5133.jpg,0
image_2471.jpg,0
image_4762.jpg,0
image_2744.jpg,0
image_7.jpg,0
image_1671.jpg,0
image_1945.jpg,0
image_2725.jpg,0
image_3503.jpg,0
image_15.jpg,0
image_4356.jpg,0
image_232.jpg,0
image_4053.jpg,0
image_346.jpg,0
image_3568.jpg,0
image_218.jpg,0
image_1510.jpg,0
image_1922.jpg,0
image_1958.jpg,0
image_1775.jpg,0
image_2694.jpg,0
image_4328.jpg,0
image_1803.jpg,0
image_492.jpg,0
image_2715.jpg,0
image_1768.jpg,0
image_775.jpg,0
image_1766.jpg,0
image_3520.jpg,0
image_5158.jpg,0
image_1919.jpg,0
image_355.jpg,0
image_1660.jpg,0
image_1963.jpg,0
image_5764.jpg,0
image_778.jpg,0
image_3780.jpg,0
image_3770.jpg,0
image_1500.jpg,0
image_2047.jpg,0
image_2704.jpg,0
image_5813.jpg,0
image_4961.jpg,0
image_328.jpg,0
image_4943.jpg,0
image_4736.jpg,0
image_759.jpg,0
image_3376.jpg,0
image_1378.jpg,0
image_742.jpg,0
image_1492.jpg,0
image_3028.jpg,0
image_1475.jpg,0
image_3848.jpg,0
image_4074.jpg,0
image_4945.jpg,0
image_4081.jpg,0
image_2453.jpg,0
image_5217.jpg,0
image_26.jpg,0
image_3868.jpg,0
image_5240.jpg,0
image_5877.jpg,0
image_5129.jpg,0
image_1935.jpg,0
image_5894.jpg,0
image_5336.jpg,0
image_1694.jpg,0
image_5844.jpg,0
image_240.jpg,0
image_1776.jpg,0
image_1979.jpg,0
image_3819.jpg,0
image_1951.jpg,0
image_367.jpg,0
image_2724.jpg,0
image_5131.jpg,0
image_1948.jpg,0
image_1966.jpg,0
image_76.jpg,0
image_3533.jpg,0
image_784.jpg,0
image_47.jpg,0
image_4339.jpg,0
image_2732.jpg,0
image_3505.jpg,0
image_5799.jpg,0
image_340.jpg,0
image_164.jpg,0
image_3593.jpg,0
image_386.jpg,0
image_4355.jpg,0
image_3039.jpg,0
image_2028.jpg,0
image_4061.jpg,0
image_4989.jpg,0
image_777.jpg,0
image_2838.jpg,0
image_1769.jpg,0
image_5774.jpg,0
image_2468.jpg,0
image_3839.jpg,0
image_1504.jpg,0
image_793.jpg,0
image_790.jpg,0
image_1397.jpg,0
image_3804.jpg,0
image_1771.jpg,0
image_360.jpg,0
image_5885.jpg,0
image_1537.jpg,0
image_5815.jpg,0
image_2713.jpg,0
image_2720.jpg,0
image_1732.jpg,0
image_1780.jpg,0
image_1748.jpg,0
image_1758.jpg,0
image_3802.jpg,0
image_4337.jpg,0
image_4997.jpg,0
image_1704.jpg,0
image_2003.jpg,0
image_2840.jpg,0
image_1712.jpg,0
image_5283.jpg,0
image_187.jpg,0
image_3526.jpg,0
image_2026.jpg,0
image_4323.jpg,0
image_354.jpg,0
image_5831.jpg,0
image_2706.jpg,0
image_1767.jpg,0
image_5146.jpg,0
image_1995.jpg,0
image_3497.jpg,0
image_3045.jpg,0
image_5765.jpg,0
image_2849.jpg,0
image_4051.jpg,0
image_5019.jpg,0
image_787.jpg,0
image_4314.jpg,0
image_4358.jpg,0
image_2479.jpg,0
image_3844.jpg,0
image_3838.jpg,0
image_1744.jpg,0
image_1485.jpg,0
image_2865.jpg,0
image_5908.jpg,0
image_1992.jpg,0
image_5391.jpg,0
image_4307.jpg,0
image_3344.jpg,0
image_2870.jpg,0
image_1734.jpg,0
image_5850.jpg,0
image_5801.jpg,0
image_5820.jpg,0
image_5115.jpg,0
image_356.jpg,0
image_2718.jpg,0
image_1986.jpg,0
image_4370.jpg,0
image_3636.jpg,0
image_3537.jpg,0
image_2863.jpg,0
image_3509.jpg,0
image_5265.jpg,0
image_1959.jpg,0
image_5183.jpg,0
image_5251.jpg,0
image_5329.jpg,0
image_2450.jpg,0
image_382.jpg,0
image_233.jpg,0
image_3818.jpg,0
image_4095.jpg,0
image_199.jpg,0
image_4324.jpg,0
image_397.jpg,0
image_770.jpg,0
image_5762.jpg,0
image_3791.jpg,0
image_3758.jpg,0
image_788.jpg,0
image_5165.jpg,0
image_5827.jpg,0
image_5003.jpg,0
image_2090.jpg,0
image_5243.jpg,0
image_4371.jpg,0
image_214.jpg,0
image_1809.jpg,0
image_5144.jpg,0
image_5767.jpg,0
image_5255.jpg,0
image_3833.jpg,0
image_5150.jpg,0
image_3353.jpg,0
image_1793.jpg,0
image_3849.jpg,0
image_3867.jpg,0
image_3613.jpg,0
image_3870.jpg,0
image_5137.jpg,0
image_1765.jpg,0
image_1785.jpg,0
image_5819.jpg,0
image_1464.jpg,0
image_3832.jpg,0
image_2853.jpg,0
image_4772.jpg,0
image_5411.jpg,0
image_776.jpg,0
image_4981.jpg,0
image_5141.jpg,0
image_2482.jpg,0
image_1800.jpg,0
image_56.jpg,0
image_3388.jpg,0
image_5303.jpg,0
image_4321.jpg,0
image_5780.jpg,0
image_2486.jpg,0
image_1667.jpg,0
image_4796.jpg,0
image_4129.jpg,0
image_3490.jpg,0
image_191.jpg,0
image_5310.jpg,0
image_2876.jpg,0
image_5120.jpg,0
image_5199.jpg,0
image_5402.jpg,0
image_3846.jpg,0
image_801.jpg,0
image_329.jpg,0
image_3027.jpg,0
image_5216.jpg,0
image_3767.jpg,0
image_1913.jpg,0
image_1932.jpg,0
image_4056.jpg,0
image_4305.jpg,0
image_2893.jpg,0
image_4080.jpg,0
image_4087.jpg,0
image_3494.jpg,0
image_5002.jpg,0
image_1996.jpg,0
image_170.jpg,0
image_3548.jpg,0
image_2435.jpg,0
image_5800.jpg,0
image_5830.jpg,0
image_1792.jpg,0
image_4077.jpg,0
image_208.jpg,0
image_171.jpg,0
image_5870.jpg,0
image_5818.jpg,0
image_5001.jpg,0
image_216.jpg,0
image_184.jpg,0
image_766.jpg,0
image_1470.jpg,0
image_5392.jpg,0
image_1472.jpg,0
image_350.jpg,0
image_3824.jpg,0
image_5012.jpg,0
image_2072.jpg,0
image_5761.jpg,0
image_5241.jpg,0
image_5280.jpg,0
image_5197.jpg,0
image_3829.jpg,0
image_5169.jpg,0
image_391.jpg,0
image_1997.jpg,0
image_200.jpg,0
image_3502.jpg,0
image_780.jpg,0
image_4315.jpg,0
image_979.jpg,0
image_219.jpg,0
image_2459.jpg,0
image_163.jpg,0
image_5140.jpg,0
image_4085.jpg,0
image_795.jpg,0
image_217.jpg,0
image_2070.jpg,0
image_5194.jpg,0
image_3371.jpg,0
image_3873.jpg,0
image_1950.jpg,0
image_1908.jpg,0
image_5248.jpg,0
image_2737.jpg,0
image_3026.jpg,0
image_4325.jpg,0
image_3530.jpg,0
image_4348.jpg,0
image_5785.jpg,0
image_3766.jpg,0
image_769.jpg,0
image_4114.jpg,0
image_3343.jpg,0
image_2443.jpg,0
image_5260.jpg,0
image_3815.jpg,0
image_4088.jpg,0
image_4295.jpg,0
image_3731.jpg,0
image_2091.jpg,0
image_5754.jpg,0
image_210.jpg,0
image_3357.jpg,0
image_792.jpg,0
image_4123.jpg,0
image_5005.jpg,0
image_1931.jpg,0
image_1720.jpg,0
image_1961.jpg,0
image_1823.jpg,0
image_1747.jpg,0
image_3007.jpg,0
image_3508.jpg,0
image_789.jpg,0
image_5841.jpg,0
image_1725.jpg,0
image_1902.jpg,0
image_774.jpg,0
image_5319.jpg,0
image_5168.jpg,0
image_3828.jpg,0
image_1733.jpg,0
image_2455.jpg,0
image_3591.jpg,0
image_1974.jpg,0
image_1972.jpg,0
image_4350.jpg,0
image_1463.jpg,0
image_4090.jpg,0
image_3390.jpg,0
image_4991.jpg,0
image_3359.jpg,0
image_4070.jpg,0
image_2035.jpg,0
image_4297.jpg,0
image_1993.jpg,0
image_5876.jpg,0
image_5007.jpg,0
image_1695.jpg,0
image_2837.jpg,0
image_1818.jpg,0
image_165.jpg,0
image_1810.jpg,0
image_3519.jpg,0
image_362.jpg,0
image_3777.jpg,0
image_3515.jpg,0
image_3816.jpg,0
image_4075.jpg,0
image_2685.jpg,0
image_1812.jpg,0
image_1909.jpg,0
image_4107.jpg,0
image_3543.jpg,0
image_2723.jpg,0
image_3517.jpg,0
image_4311.jpg,0
image_3786.jpg,0
image_1650.jpg,0
image_3345.jpg,0
image_3025.jpg,0
image_1741.jpg,0
image_978.jpg,0
image_1507.jpg,0
image_3001.jpg,0
image_1494.jpg,0
image_2460.jpg,0
image_1805.jpg,0
image_5247.jpg,0
image_5220.jpg,0
image_209.jpg,0
image_5330.jpg,0
image_3062.jpg,0
image_2897.jpg,0
image_4998.jpg,0
image_4993.jpg,0
image_2877.jpg,0
image_5911.jpg,0
image_5421.jpg,0
image_2469.jpg,0
image_3637.jpg,0
image_179.jpg,0
image_2018.jpg,0
image_5868.jpg,0
image_2746.jpg,0
image_2044.jpg,0
image_805.jpg,0
image_1742.jpg,0
image_3532.jpg,0
image_1971.jpg,0
image_4303.jpg,0
image_5366.jpg,0
image_2886.jpg,0
image_2711.jpg,0
image_5166.jpg,0
image_5376.jpg,0
image_2007.jpg,0
image_3869.jpg,0
image_2873.jpg,0
image_1987.jpg,0
image_5201.jpg,0
image_2879.jpg,0
image_5228.jpg,0
image_3038.jpg,0
image_3332.jpg,0
image_2885.jpg,0
image_5211.jpg,0
image_744.jpg,0
image_1491.jpg,0
image_4360.jpg,0
image_3813.jpg,0
image_2743.jpg,0
image_5266.jpg,0
image_1697.jpg,0
image_2727.jpg,0
image_2845.jpg,0
image_2843.jpg,0
image_800.jpg,0
image_1661.jpg,0
image_2239.jpg,1
image_2202.jpg,1
image_4486.jpg,1
image_3295.jpg,1
image_3262.jpg,1
image_2259.jpg,1
image_3454.jpg,1
image_5522.jpg,1
image_553.jpg,1
image_3464.jpg,1
image_5577.jpg,1
image_4749.jpg,1
image_3969.jpg,1
image_3242.jpg,1
image_1196.jpg,1
image_5397.jpg,1
image_5593.jpg,1
image_2216.jpg,1
image_2920.jpg,1
image_5613.jpg,1
image_117.jpg,1
image_3249.jpg,1
image_3240.jpg,1
image_3301.jpg,1
image_1594.jpg,1
image_2363.jpg,1
image_5398.jpg,1
image_418.jpg,1
image_911.jpg,1
image_437.jpg,1
image_3479.jpg,1
image_1427.jpg,1
image_2256.jpg,1
image_3146.jpg,1
image_5372.jpg,1
image_2189.jpg,1
image_506.jpg,1
image_2105.jpg,1
image_589.jpg,1
image_2979.jpg,1
image_1539.jpg,1
image_593.jpg,1
image_3241.jpg,1
image_5583.jpg,1
image_4846.jpg,1
image_1246.jpg,1
image_4526.jpg,1
image_2369.jpg,1
image_5647.jpg,1
image_3678.jpg,1
image_640.jpg,1
image_4851.jpg,1
image_954.jpg,1
image_1718.jpg,1
image_3158.jpg,1
image_932.jpg,1
image_906.jpg,1
image_2356.jpg,1
image_2373.jpg,1
image_515.jpg,1
image_534.jpg,1
image_4480.jpg,1
image_498.jpg,1
image_564.jpg,1
image_2236.jpg,1
image_1548.jpg,1
image_2987.jpg,1
image_3658.jpg,1
image_2362.jpg,1
image_4007.jpg,1
image_2917.jpg,1
image_5549.jpg,1
image_2425.jpg,1
image_4628.jpg,1
image_2212.jpg,1
image_5534.jpg,1
image_657.jpg,1
image_3666.jpg,1
image_1438.jpg,1
image_3439.jpg,1
image_305.jpg,1
image_4008.jpg,1
image_3263.jpg,1
image_504.jpg,1
image_3133.jpg,1
image_962.jpg,1
image_3444.jpg,1
image_1026.jpg,1
image_956.jpg,1
image_1585.jpg,1
image_92.jpg,1
image_3223.jpg,1
image_3442.jpg,1
image_1411.jpg,1
image_138.jpg,1
image_3462.jpg,1
image_1186.jpg,1
image_1798.jpg,1
image_2954.jpg,1
image_5655.jpg,1
image_1208.jpg,1
image_60.jpg,1
image_31.jpg,1
image_1141.jpg,1
image_284.jpg,1
image_1198.jpg,1
image_3471.jpg,1
image_1445.jpg,1
image_2975.jpg,1
image_3232.jpg,1
image_1404.jpg,1
image_925.jpg,1
image_3714.jpg,1
image_1170.jpg,1
image_3685.jpg,1
image_2233.jpg,1
image_3715.jpg,1
image_2203.jpg,1
image_1346.jpg,1
image_2424.jpg,1
image_3258.jpg,1
image_5546.jpg,1
image_70.jpg,1
image_1157.jpg,1
image_558.jpg,1
image_1439.jpg,1
image_51.jpg,1
image_153.jpg,1
image_4496.jpg,1
image_1222.jpg,1
image_1040.jpg,1
image_206.jpg,1
image_1356.jpg,1
image_4720.jpg,1
image_3228.jpg,1
image_4469.jpg,1
image_3267.jpg,1
image_998.jpg,1
image_3469.jpg,1
image_1163.jpg,1
image_409.jpg,1
image_3233.jpg,1
image_2950.jpg,1
image_3996.jpg,1
image_4806.jpg,1
image_2262.jpg,1
image_5359.jpg,1
image_4621.jpg,1
image_52.jpg,1
image_3272.jpg,1
image_5454.jpg,1
image_1153.jpg,1
image_557.jpg,1
image_559.jpg,1
image_2068.jpg,1
image_460.jpg,1
image_5407.jpg,1
image_351.jpg,1
image_3470.jpg,1
image_5536.jpg,1
image_3276.jpg,1
image_5629.jpg,1
image_2313.jpg,1
image_4800.jpg,1
image_5373.jpg,1
image_4790.jpg,1
image_2404.jpg,1
image_2209.jpg,1
image_4793.jpg,1
image_3144.jpg,1
image_2240.jpg,1
image_5524.jpg,1
image_484.jpg,1
image_1149.jpg,1
image_419.jpg,1
image_612.jpg,1
image_2382.jpg,1
image_2179.jpg,1
image_352.jpg,1
image_976.jpg,1
image_3686.jpg,1
image_4818.jpg,1
image_2919.jpg,1
image_5473.jpg,1
image_268.jpg,1
image_3307.jpg,1
image_1370.jpg,1
image_428.jpg,1
image_2394.jpg,1
image_546.jpg,1
image_4750.jpg,1
image_953.jpg,1
image_4837.jpg,1
image_1887.jpg,1
image_4802.jpg,1
image_2258.jpg,1
image_3269.jpg,1
image_5881.jpg,1
image_645.jpg,1
image_3451.jpg,1
image_4751.jpg,1
image_4932.jpg,1
image_5395.jpg,1
image_5573.jpg,1
image_3687.jpg,1
image_5641.jpg,1
image_507.jpg,1
image_5357.jpg,1
image_2984.jpg,1
image_910.jpg,1
image_3656.jpg,1
image_129.jpg,1
image_1435.jpg,1
image_2405.jpg,1
image_1038.jpg,1
image_3134.jpg,1
image_5864.jpg,1
image_1424.jpg,1
image_2937.jpg,1
image_532.jpg,1
image_641.jpg,1
image_975.jpg,1
image_3453.jpg,1
image_1190.jpg,1
image_1194.jpg,1
image_588.jpg,1
image_3475.jpg,1
image_1030.jpg,1
image_572.jpg,1
image_5633.jpg,1
image_5456.jpg,1
image_536.jpg,1
image_3260.jpg,1
image_4032.jpg,1
image_2412.jpg,1
image_1834.jpg,1
image_5567.jpg,1
image_5587.jpg,1
image_2220.jpg,1
image_1437.jpg,1
image_3721.jpg,1
image_2042.jpg,1
image_420.jpg,1
image_4310.jpg,1
image_1145.jpg,1
image_2986.jpg,1
image_3141.jpg,1
image_3193.jpg,1
image_3624.jpg,1
image_3651.jpg,1
image_2248.jpg,1
image_461.jpg,1
image_3247.jpg,1
image_964.jpg,1
image_4852.jpg,1
image_5553.jpg,1
image_5666.jpg,1
image_563.jpg,1
image_1433.jpg,1
image_5630.jpg,1
image_503.jpg,1
image_1235.jpg,1
image_531.jpg,1
image_1365.jpg,1
image_518.jpg,1
image_1151.jpg,1
image_3455.jpg,1
image_4624.jpg,1
image_5436.jpg,1
image_287.jpg,1
image_4635.jpg,1
image_3226.jpg,1
image_1167.jpg,1
image_2261.jpg,1
image_3646.jpg,1
image_5377.jpg,1
image_3139.jpg,1
image_1456.jpg,1
image_5533.jpg,1
image_4933.jpg,1
image_1416.jpg,1
image_4740.jpg,1
image_3077.jpg,1
image_952.jpg,1
image_3300.jpg,1
image_103.jpg,1
image_2952.jpg,1
image_2391.jpg,1
image_5499.jpg,1
image_658.jpg,1
image_4711.jpg,1
image_4775.jpg,1
image_2199.jpg,1
image_938.jpg,1
image_917.jpg,1
image_3983.jpg,1
image_1423.jpg,1
image_3285.jpg,1
image_1425.jpg,1
image_425.jpg,1
image_4781.jpg,1
image_3674.jpg,1
image_3243.jpg,1
image_3698.jpg,1
image_4710.jpg,1
image_2921.jpg,1
image_2365.jpg,1
image_4471.jpg,1
image_3196.jpg,1
image_5610.jpg,1
image_4634.jpg,1
image_2265.jpg,1
image_118.jpg,1
image_548.jpg,1
image_2215.jpg,1
image_4788.jpg,1
image_2106.jpg,1
image_251.jpg,1
image_568.jpg,1
image_273.jpg,1
image_5576.jpg,1
image_3253.jpg,1
image_2349.jpg,1
image_2961.jpg,1
image_1171.jpg,1
image_1224.jpg,1
image_2115.jpg,1
image_4784.jpg,1
image_321.jpg,1
image_601.jpg,1
image_2942.jpg,1
image_3998.jpg,1
image_4769.jpg,1
image_2060.jpg,1
image_4618.jpg,1
image_598.jpg,1
image_5481.jpg,1
image_639.jpg,1
image_4700.jpg,1
image_1202.jpg,1
image_581.jpg,1
image_508.jpg,1
image_961.jpg,1
image_3432.jpg,1
image_458.jpg,1
image_2947.jpg,1
image_2403.jpg,1
image_2207.jpg,1
image_545.jpg,1
image_5378.jpg,1
image_4487.jpg,1
image_3154.jpg,1
image_5621.jpg,1
image_565.jpg,1
image_99.jpg,1
image_893.jpg,1
image_1431.jpg,1
image_1136.jpg,1
image_994.jpg,1
image_5627.jpg,1
image_1166.jpg,1
image_1817.jpg,1
image_1449.jpg,1
image_2407.jpg,1
image_3270.jpg,1
image_4633.jpg,1
image_903.jpg,1
image_3281.jpg,1
image_2342.jpg,1
image_5541.jpg,1
image_1137.jpg,1
image_2264.jpg,1
image_600.jpg,1
image_968.jpg,1
image_2250.jpg,1
image_4845.jpg,1
image_100.jpg,1
image_1630.jpg,1
image_1455.jpg,1
image_3289.jpg,1
image_3219.jpg,1
image_522.jpg,1
image_1025.jpg,1
image_3906.jpg,1
image_928.jpg,1
image_2368.jpg,1
image_1906.jpg,1
image_4780.jpg,1
image_3280.jpg,1
image_5526.jpg,1
image_1452.jpg,1
image_264.jpg,1
image_1213.jpg,1
image_3206.jpg,1
image_1140.jpg,1
image_2540.jpg,1
image_1221.jpg,1
image_3203.jpg,1
image_5542.jpg,1
image_1429.jpg,1
image_554.jpg,1
image_3229.jpg,1
image_1017.jpg,1
image_2243.jpg,1
image_34.jpg,1
image_3192.jpg,1
image_3273.jpg,1
image_918.jpg,1
image_1241.jpg,1
image_603.jpg,1
image_1558.jpg,1
image_2420.jpg,1
image_2211.jpg,1
image_2229.jpg,1
image_3696.jpg,1
image_577.jpg,1
image_2370.jpg,1
image_3987.jpg,1
image_4765.jpg,1
image_1228.jpg,1
image_3279.jpg,1
image_2096.jpg,1
image_613.jpg,1
image_530.jpg,1
image_3438.jpg,1
image_415.jpg,1
image_2253.jpg,1
image_61.jpg,1
image_3148.jpg,1
image_3664.jpg,1
image_3480.jpg,1
image_452.jpg,1
image_4791.jpg,1
image_5396.jpg,1
image_2965.jpg,1
image_2423.jpg,1
image_4934.jpg,1
image_2923.jpg,1
image_3275.jpg,1
image_4809.jpg,1
image_3440.jpg,1
image_3287.jpg,1
image_2977.jpg,1
image_4829.jpg,1
image_5582.jpg,1
image_3463.jpg,1
image_4817.jpg,1
image_3140.jpg,1
image_799.jpg,1
image_1354.jpg,1
image_318.jpg,1
image_2549.jpg,1
image_3207.jpg,1
image_4516.jpg,1
image_624.jpg,1
image_2038.jpg,1
image_614.jpg,1
image_1603.jpg,1
image_1426.jpg,1
image_3429.jpg,1
image_2200.jpg,1
image_90.jpg,1
image_2933.jpg,1
image_3143.jpg,1
image_2945.jpg,1
image_596.jpg,1
image_599.jpg,1
image_523.jpg,1
image_4783.jpg,1
image_197.jpg,1
image_919.jpg,1
image_586.jpg,1
image_5457.jpg,1
image_2142.jpg,1
image_3152.jpg,1
image_4461.jpg,1
image_1015.jpg,1
image_622.jpg,1
image_5540.jpg,1
image_286.jpg,1
image_561.jpg,1
image_6075.jpg,1
image_2411.jpg,1
image_2981.jpg,1
image_4468.jpg,1
image_5428.jpg,1
image_617.jpg,1
image_3208.jpg,1
image_916.jpg,1
image_619.jpg,1
image_5595.jpg,1
image_2241.jpg,1
image_2389.jpg,1
image_1032.jpg,1
image_1219.jpg,1
image_3011.jpg,1
image_1446.jpg,1
image_1036.jpg,1
image_2198.jpg,1
image_1925.jpg,1
image_2390.jpg,1
image_3443.jpg,1
image_3682.jpg,1
image_5358.jpg,1
image_3978.jpg,1
image_576.jpg,1
image_3690.jpg,1
image_2413.jpg,1
image_9.jpg,1
image_3706.jpg,1
image_1199.jpg,1
image_616.jpg,1
image_319.jpg,1
image_1350.jpg,1
image_3021.jpg,1
image_1522.jpg,1
image_2951.jpg,1
image_3472.jpg,1
image_2964.jpg,1
image_429.jpg,1
image_5432.jpg,1
image_3145.jpg,1
image_934.jpg,1
image_2361.jpg,1
image_2245.jpg,1
image_1168.jpg,1
image_3153.jpg,1
image_3971.jpg,1
image_1225.jpg,1
image_685.jpg,1
image_5464.jpg,1
image_3482.jpg,1
image_5513.jpg,1
image_5532.jpg,1
image_602.jpg,1
image_3661.jpg,1
image_3286.jpg,1
image_3294.jpg,1
image_313.jpg,1
image_5510.jpg,1
image_5386.jpg,1
image_4766.jpg,1
image_1176.jpg,1
image_444.jpg,1
image_1629.jpg,1
image_2206.jpg,1
image_5569.jpg,1
image_499.jpg,1
image_1586.jpg,1
image_5637.jpg,1
image_2378.jpg,1
image_936.jpg,1
image_229.jpg,1
image_1549.jpg,1
image_592.jpg,1
image_5539.jpg,1
image_1132.jpg,1
image_1361.jpg,1
image_3642.jpg,1
image_5523.jpg,1
image_3988.jpg,1
image_675.jpg,1
image_1454.jpg,1
image_633.jpg,1
image_3234.jpg,1
image_693.jpg,1
image_646.jpg,1
image_3643.jpg,1
image_4506.jpg,1
image_2940.jpg,1
image_4816.jpg,1
image_4820.jpg,1
image_1152.jpg,1
image_578.jpg,1
image_927.jpg,1
image_5347.jpg,1
image_924.jpg,1
image_42.jpg,1
image_44.jpg,1
image_5574.jpg,1
image_5669.jpg,1
image_583.jpg,1
image_1434.jpg,1
image_2427.jpg,1
image_248.jpg,1
image_2918.jpg,1
image_904.jpg,1
image_3227.jpg,1
image_514.jpg,1
image_20.jpg,1
image_335.jpg,1
image_436.jpg,1
image_5380.jpg,1
image_611.jpg,1
image_526.jpg,1
image_4811.jpg,1
image_1825.jpg,1
image_4718.jpg,1
image_3982.jpg,1
image_3441.jpg,1
image_1871.jpg,1
image_2208.jpg,1
image_4782.jpg,1
image_10.jpg,1
image_3722.jpg,1
image_2500.jpg,1
image_334.jpg,1
image_544.jpg,1
image_3723.jpg,1
image_3649.jpg,1
image_2962.jpg,1
image_3191.jpg,1
image_1010.jpg,1
image_1139.jpg,1
image_5889.jpg,1
image_1016.jpg,1
image_414.jpg,1
image_1369.jpg,1
image_4709.jpg,1
image_806.jpg,1
image_4015.jpg,1
image_517.jpg,1
image_1197.jpg,1
image_5897.jpg,1
image_3726.jpg,1
image_2982.jpg,1
image_2936.jpg,1
image_5615.jpg,1
image_221.jpg,1
image_3222.jpg,1
image_1227.jpg,1
image_2213.jpg,1
image_2086.jpg,1
image_3668.jpg,1
image_3298.jpg,1
image_4819.jpg,1
image_5570.jpg,1
image_5556.jpg,1
image_3448.jpg,1
image_4835.jpg,1
image_4854.jpg,1
image_3293.jpg,1
image_3244.jpg,1
image_4789.jpg,1
image_634.jpg,1
image_582.jpg,1
image_908.jpg,1
image_552.jpg,1
image_2222.jpg,1
image_4730.jpg,1
image_2393.jpg,1
image_53.jpg,1
image_4478.jpg,1
image_3218.jpg,1
image_3737.jpg,1
image_3744.jpg,1
image_5658.jpg,1
image_2960.jpg,1
image_4025.jpg,1
image_5597.jpg,1
image_2966.jpg,1
image_5648.jpg,1
image_2214.jpg,1
image_3660.jpg,1
image_310.jpg,1
image_309.jpg,1
image_4773.jpg,1
image_2928.jpg,1
image_2360.jpg,1
image_1371.jpg,1
image_3210.jpg,1
image_3449.jpg,1
image_605.jpg,1
image_5575.jpg,1
image_5568.jpg,1
image_421.jpg,1
image_1008.jpg,1
image_3979.jpg,1
image_996.jpg,1
image_642.jpg,1
image_454.jpg,1
image_3654.jpg,1
image_430.jpg,1
image_587.jpg,1
image_3473.jpg,1
image_5431.jpg,1
image_3221.jpg,1
image_2238.jpg,1
image_560.jpg,1
image_464.jpg,1
image_535.jpg,1
image_2958.jpg,1
image_2414.jpg,1
image_3197.jpg,1
image_5545.jpg,1
image_2415.jpg,1
image_3252.jpg,1
image_1043.jpg,1
image_4778.jpg,1
image_2364.jpg,1
image_5365.jpg,1
image_1440.jpg,1
image_1375.jpg,1
image_702.jpg,1
image_3476.jpg,1
image_1436.jpg,1
image_295.jpg,1
image_618.jpg,1
image_5558.jpg,1
image_4836.jpg,1
image_4485.jpg,1
image_2249.jpg,1
image_5521.jpg,1
image_294.jpg,1
image_3446.jpg,1
image_3657.jpg,1
image_2377.jpg,1
image_5548.jpg,1
image_926.jpg,1
image_2396.jpg,1
image_247.jpg,1
image_3452.jpg,1
image_2417.jpg,1
image_1125.jpg,1
image_4815.jpg,1
image_2418.jpg,1
image_5588.jpg,1
image_527.jpg,1
image_5872.jpg,1
image_543.jpg,1
image_2049.jpg,1
image_343.jpg,1
image_250.jpg,1
image_636.jpg,1
image_1127.jpg,1
image_5518.jpg,1
image_5904.jpg,1
image_584.jpg,1
image_496.jpg,1
image_3707.jpg,1
image_573.jpg,1
image_4493.jpg,1
image_3481.jpg,1
image_4620.jpg,1
image_3466.jpg,1
image_969.jpg,1
image_6076.jpg,1
image_2133.jpg,1
image_3450.jpg,1
image_1362.jpg,1
image_4838.jpg,1
image_4498.jpg,1
image_607.jpg,1
image_451.jpg,1
image_5387.jpg,1
image_3316.jpg,1
image_1339.jpg,1
image_3271.jpg,1
image_5667.jpg,1
image_2374.jpg,1
image_411.jpg,1
image_455.jpg,1
image_1206.jpg,1
image_2190.jpg,1
image_4727.jpg,1
image_43.jpg,1
image_666.jpg,1
image_3248.jpg,1
image_5465.jpg,1
image_1604.jpg,1
image_3213.jpg,1
image_957.jpg,1
image_4708.jpg,1
image_1177.jpg,1
image_1158.jpg,1
image_230.jpg,1
image_5439.jpg,1
image_2371.jpg,1
image_5642.jpg,1
image_1154.jpg,1
image_1165.jpg,1
image_136.jpg,1
image_2201.jpg,1
image_260.jpg,1
image_5413.jpg,1
image_1161.jpg,1
image_3315.jpg,1
image_3147.jpg,1
image_4014.jpg,1
image_913.jpg,1
image_1238.jpg,1
image_5640.jpg,1
image_2251.jpg,1
image_2059.jpg,1
image_317.jpg,1
image_1134.jpg,1
image_2387.jpg,1
image_2116.jpg,1
image_1442.jpg,1
image_2501.jpg,1
image_4627.jpg,1
image_900.jpg,1
image_807.jpg,1
image_2124.jpg,1
image_2225.jpg,1
image_255.jpg,1
image_3225.jpg,1
image_892.jpg,1
image_3306.jpg,1
image_3214.jpg,1
image_1835.jpg,1
image_2134.jpg,1
image_5590.jpg,1
image_5370.jpg,1
image_5649.jpg,1
image_4626.jpg,1
image_5555.jpg,1
image_1162.jpg,1
image_2938.jpg,1
image_1211.jpg,1
image_5390.jpg,1
image_5371.jpg,1
image_5472.jpg,1
image_1195.jpg,1
image_4779.jpg,1
image_3692.jpg,1
image_5379.jpg,1
image_3445.jpg,1
image_5612.jpg,1
image_1853.jpg,1
image_2422.jpg,1
image_3257.jpg,1
image_2372.jpg,1
image_5840.jpg,1
image_533.jpg,1
image_5552.jpg,1
image_1192.jpg,1
image_513.jpg,1
image_4742.jpg,1
image_3059.jpg,1
image_3212.jpg,1
image_3729.jpg,1
image_3184.jpg,1
image_574.jpg,1
image_1150.jpg,1
image_426.jpg,1
image_1174.jpg,1
image_406.jpg,1
image_5554.jpg,1
image_1877.jpg,1
image_2408.jpg,1
image_3231.jpg,1
image_2247.jpg,1
image_5636.jpg,1
image_3198.jpg,1
image_4703.jpg,1
image_5509.jpg,1
image_4777.jpg,1
image_569.jpg,1
image_1410.jpg,1
image_3274.jpg,1
image_1014.jpg,1
image_3739.jpg,1
image_1443.jpg,1
image_302.jpg,1
image_2953.jpg,1
image_410.jpg,1
image_3753.jpg,1
image_5638.jpg,1
image_3308.jpg,1
image_3684.jpg,1
image_1181.jpg,1
image_2217.jpg,1
image_257.jpg,1
image_3266.jpg,1
image_408.jpg,1
image_4833.jpg,1
image_955.jpg,1
image_5364.jpg,1
image_2406.jpg,1
image_3201.jpg,1
image_4847.jpg,1
image_5561.jpg,1
image_2935.jpg,1
image_3712.jpg,1
image_2983.jpg,1
image_1185.jpg,1
image_445.jpg,1
image_300.jpg,1
image_1028.jpg,1
image_1164.jpg,1
image_5668.jpg,1
image_566.jpg,1
image_433.jpg,1
image_5559.jpg,1
image_2221.jpg,1
image_5614.jpg,1
image_3745.jpg,1
image_5429.jpg,1
image_4853.jpg,1
image_2976.jpg,1
image_5438.jpg,1
image_431.jpg,1
image_1218.jpg,1
image_2242.jpg,1
image_1806.jpg,1
image_2400.jpg,1
image_3189.jpg,1
image_3215.jpg,1
image_948.jpg,1
image_3190.jpg,1
image_3264.jpg,1
image_1205.jpg,1
image_5515.jpg,1
image_935.jpg,1
image_463.jpg,1
image_5423.jpg,1
image_1355.jpg,1
image_4726.jpg,1
image_5578.jpg,1
image_942.jpg,1
image_3457.jpg,1
image_5425.jpg,1
image_3431.jpg,1
image_326.jpg,1
image_3155.jpg,1
image_643.jpg,1
image_1612.jpg,1
image_610.jpg,1
image_1628.jpg,1
image_1886.jpg,1
image_435.jpg,1
image_71.jpg,1
image_1203.jpg,1
image_476.jpg,1
image_5527.jpg,1
image_5849.jpg,1
image_3284.jpg,1
image_5628.jpg,1
image_2231.jpg,1
image_930.jpg,1
image_2223.jpg,1
image_3625.jpg,1
image_5604.jpg,1
image_2041.jpg,1
image_4517.jpg,1
image_4655.jpg,1
image_1367.jpg,1
image_1148.jpg,1
image_265.jpg,1
image_1352.jpg,1
image_3256.jpg,1
image_579.jpg,1
image_5584.jpg,1
image_907.jpg,1
image_144.jpg,1
image_4774.jpg,1
image_3195.jpg,1
image_497.jpg,1
image_5388.jpg,1
image_4629.jpg,1
image_5348.jpg,1
image_2539.jpg,1
image_1636.jpg,1
image_5639.jpg,1
image_292.jpg,1
image_5906.jpg,1
image_1421.jpg,1
image_2235.jpg,1
image_5594.jpg,1
image_2973.jpg,1
image_3623.jpg,1
image_1444.jpg,1
image_4767.jpg,1
image_2931.jpg,1
image_3250.jpg,1
image_344.jpg,1
image_5369.jpg,1
image_5571.jpg,1
image_637.jpg,1
image_4617.jpg,1
image_4801.jpg,1
image_101.jpg,1
image_3652.jpg,1
image_5517.jpg,1
image_3474.jpg,1
image_950.jpg,1
image_485.jpg,1
image_2388.jpg,1
image_5474.jpg,1
image_276.jpg,1
image_1013.jpg,1
image_1180.jpg,1
image_5624.jpg,1
image_5632.jpg,1
image_137.jpg,1
image_3259.jpg,1
image_2188.jpg,1
image_3675.jpg,1
image_5512.jpg,1
image_285.jpg,1
image_424.jpg,1
image_505.jpg,1
image_2380.jpg,1
image_3246.jpg,1
image_1039.jpg,1
image_2050.jpg,1
image_1364.jpg,1
image_3997.jpg,1
image_2943.jpg,1
image_4834.jpg,1
image_135.jpg,1
image_21.jpg,1
image_245.jpg,1
image_108.jpg,1
image_5531.jpg,1
image_2194.jpg,1
image_434.jpg,1
image_915.jpg,1
image_5424.jpg,1
image_1351.jpg,1
image_606.jpg,1
image_2383.jpg,1
image_1237.jpg,1
image_314.jpg,1
image_2927.jpg,1
image_4741.jpg,1
image_3641.jpg,1
image_949.jpg,1
image_3980.jpg,1
image_575.jpg,1
image_2386.jpg,1
image_1175.jpg,1
image_256.jpg,1
image_2930.jpg,1
image_2069.jpg,1
image_4776.jpg,1
image_931.jpg,1
image_5537.jpg,1
image_3156.jpg,1
image_3720.jpg,1
image_5405.jpg,1
image_5564.jpg,1
image_127.jpg,1
image_1799.jpg,1
image_249.jpg,1
image_4630.jpg,1
image_3313.jpg,1
image_269.jpg,1
image_5356.jpg,1
image_1896.jpg,1
image_1223.jpg,1
image_3683.jpg,1
image_1191.jpg,1
image_5650.jpg,1
image_1144.jpg,1
image_2078.jpg,1
image_3676.jpg,1
image_84.jpg,1
image_580.jpg,1
image_571.jpg,1
image_3202.jpg,1
image_585.jpg,1
image_2232.jpg,1
image_5417.jpg,1
image_407.jpg,1
image_1046.jpg,1
image_5360.jpg,1
image_1239.jpg,1
image_1557.jpg,1
image_3972.jpg,1
image_3727.jpg,1
image_630.jpg,1
image_237.jpg,1
image_632.jpg,1
image_2104.jpg,1
image_1353.jpg,1
image_608.jpg,1
image_1135.jpg,1
image_631.jpg,1
image_5863.jpg,1
image_246.jpg,1
image_5560.jpg,1
image_146.jpg,1
image_5368.jpg,1
image_2392.jpg,1
image_3705.jpg,1
image_448.jpg,1
image_937.jpg,1
image_3695.jpg,1
image_2916.jpg,1
image_740.jpg,1
image_4739.jpg,1
image_5562.jpg,1
image_33.jpg,1
image_2197.jpg,1
image_3713.jpg,1
image_4623.jpg,1
image_1184.jpg,1
image_562.jpg,1
image_3157.jpg,1
image_3691.jpg,1
image_1200.jpg,1
image_970.jpg,1
image_2191.jpg,1
image_921.jpg,1
image_1980.jpg,1
image_3299.jpg,1
image_3907.jpg,1
image_4479.jpg,1
image_3278.jpg,1
image_3962.jpg,1
image_649.jpg,1
image_333.jpg,1
image_2426.jpg,1
image_1403.jpg,1
image_453.jpg,1
image_5446.jpg,1
image_3291.jpg,1
image_2944.jpg,1
image_4702.jpg,1
image_3251.jpg,1
image_2385.jpg,1
image_4041.jpg,1
image_1212.jpg,1
image_2224.jpg,1
image_282.jpg,1
image_4797.jpg,1
image_1360.jpg,1
image_1982.jpg,1
image_3319.jpg,1
image_1179.jpg,1
image_551.jpg,1
image_3981.jpg,1
image_304.jpg,1
image_958.jpg,1
image_901.jpg,1
image_5349.jpg,1
image_1625.jpg,1
image_3650.jpg,1
image_945.jpg,1
image_3200.jpg,1
image_2985.jpg,1
image_899.jpg,1
image_427.jpg,1
image_5543.jpg,1
image_659.jpg,1
image_3261.jpg,1
image_1042.jpg,1
image_3211.jpg,1
image_3239.jpg,1
image_4729.jpg,1
image_5525.jpg,1
image_920.jpg,1
image_473.jpg,1
image_1789.jpg,1
image_3292.jpg,1
image_3665.jpg,1
image_2547.jpg,1
image_4525.jpg,1
image_1373.jpg,1
image_4719.jpg,1
image_5572.jpg,1
image_5440.jpg,1
image_4625.jpg,1
image_1635.jpg,1
image_3724.jpg,1
image_1626.jpg,1
image_3662.jpg,1
image_2963.jpg,1
image_4828.jpg,1
image_5905.jpg,1
image_997.jpg,1
image_4701.jpg,1
image_110.jpg,1
image_3648.jpg,1
image_2375.jpg,1
image_83.jpg,1
image_922.jpg,1
image_4807.jpg,1
image_5415.jpg,1
image_2376.jpg,1
image_1041.jpg,1
image_102.jpg,1
image_1156.jpg,1
image_4006.jpg,1
image_2051.jpg,1
image_303.jpg,1
image_3277.jpg,1
image_442.jpg,1
image_1160.jpg,1
image_1204.jpg,1
image_5363.jpg,1
image_5514.jpg,1
image_5445.jpg,1
image_2980.jpg,1
image_119.jpg,1
image_597.jpg,1
image_946.jpg,1
image_5563.jpg,1
image_1155.jpg,1
image_895.jpg,1
image_1201.jpg,1
image_3728.jpg,1
image_5623.jpg,1
image_2255.jpg,1
image_3465.jpg,1
image_623.jpg,1
image_550.jpg,1
image_2040.jpg,1
image_1372.jpg,1
image_2359.jpg,1
image_1187.jpg,1
image_91.jpg,1
image_609.jpg,1
image_5381.jpg,1
image_5350.jpg,1
image_2922.jpg,1
image_1879.jpg,1
image_325.jpg,1
image_5535.jpg,1
image_5557.jpg,1
image_474.jpg,1
image_2397.jpg,1
image_1347.jpg,1
image_570.jpg,1
image_5448.jpg,1
image_3701.jpg,1
image_2416.jpg,1
image_898.jpg,1
image_519.jpg,1
image_291.jpg,1
image_495.jpg,1
image_909.jpg,1
image_5873.jpg,1
image_3711.jpg,1
image_2932.jpg,1
image_3663.jpg,1
image_3688.jpg,1
image_1933.jpg,1
image_1826.jpg,1
image_5516.jpg,1
image_3149.jpg,1
image_2941.jpg,1
image_4619.jpg,1
image_2266.jpg,1
image_2409.jpg,1
image_1126.jpg,1
image_462.jpg,1
image_82.jpg,1
image_3136.jpg,1
image_1147.jpg,1
image_3142.jpg,1
image_2924.jpg,1
image_3255.jpg,1
image_3725.jpg,1
image_5399.jpg,1
image_1047.jpg,1
image_312.jpg,1
image_5544.jpg,1
image_2929.jpg,1
image_5609.jpg,1
image_555.jpg,1
image_1627.jpg,1
image_966.jpg,1
image_3132.jpg,1
image_1220.jpg,1
image_413.jpg,1
image_438.jpg,1
image_3254.jpg,1
image_1240.jpg,1
image_4622.jpg,1
image_5519.jpg,1
image_1236.jpg,1
image_965.jpg,1
image_109.jpg,1
image_2381.jpg,1
image_2234.jpg,1
image_2107.jpg,1
image_342.jpg,1
image_126.jpg,1
image_2039.jpg,1
image_2949.jpg,1
image_3655.jpg,1
image_4768.jpg,1
image_720.jpg,1
image_443.jpg,1
image_5547.jpg,1
image_293.jpg,1
image_1870.jpg,1
image_590.jpg,1
image_432.jpg,1
image_1159.jpg,1
image_3209.jpg,1
image_4808.jpg,1
image_3268.jpg,1
image_5618.jpg,1
image_1634.jpg,1
image_5591.jpg,1
image_3216.jpg,1
image_5586.jpg,1
image_538.jpg,1
image_3282.jpg,1
image_1790.jpg,1
image_3135.jpg,1
image_3467.jpg,1
image_5646.jpg,1
image_417.jpg,1
image_81.jpg,1
image_2926.jpg,1
image_154.jpg,1
image_1209.jpg,1
image_320.jpg,1
image_211.jpg,1
image_5579.jpg,1
image_947.jpg,1
image_3659.jpg,1
image_951.jpg,1
image_2946.jpg,1
image_5550.jpg,1
image_3296.jpg,1
image_711.jpg,1
image_3290.jpg,1
image_3679.jpg,1
image_5389.jpg,1
image_894.jpg,1
image_5538.jpg,1
image_5585.jpg,1
image_3738.jpg,1
image_4522.jpg,1
image_1727.jpg,1
image_974.jpg,1
image_1366.jpg,1
image_3693.jpg,1
image_4728.jpg,1
image_5611.jpg,1
image_1422.jpg,1
image_2252.jpg,1
image_604.jpg,1
image_591.jpg,1
image_2193.jpg,1
image_301.jpg,1
image_5566.jpg,1
image_648.jpg,1
image_2254.jpg,1
image_5620.jpg,1
image_1432.jpg,1
image_1018.jpg,1
image_1210.jpg,1
image_3020.jpg,1
image_3697.jpg,1
image_277.jpg,1
image_3989.jpg,1
image_940.jpg,1
image_3151.jpg,1
image_1214.jpg,1
image_1417.jpg,1
image_5422.jpg,1
image_5511.jpg,1
image_3430.jpg,1
image_1428.jpg,1
image_416.jpg,1
image_2108.jpg,1
image_1447.jpg,1
image_3545.jpg,1
image_1188.jpg,1
image_5596.jpg,1
image_2257.jpg,1
image_3288.jpg,1
image_2244.jpg,1
image_311.jpg,1
image_62.jpg,1
image_3224.jpg,1
image_3138.jpg,1
image_1595.jpg,1
image_524.jpg,1
image_1207.jpg,1
image_615.jpg,1
image_939.jpg,1
image_1169.jpg,1
image_3204.jpg,1
image_5520.jpg,1
image_3150.jpg,1
image_4799.jpg,1
image_2959.jpg,1
image_1189.jpg,1
image_4300.jpg,1
image_446.jpg,1
image_5362.jpg,1
image_2421.jpg,1
image_1143.jpg,1
image_3478.jpg,1
image_4632.jpg,1
image_3019.jpg,1
image_525.jpg,1
image_621.jpg,1
image_912.jpg,1
image_3265.jpg,1
image_549.jpg,1
image_5551.jpg,1
image_2379.jpg,1
image_3653.jpg,1
image_4470.jpg,1
image_5565.jpg,1
image_5592.jpg,1
image_266.jpg,1
image_2957.jpg,1
image_625.jpg,1
image_422.jpg,1
image_4301.jpg,1
image_3205.jpg,1
image_2548.jpg,1
image_5659.jpg,1
image_620.jpg,1
image_2955.jpg,1
image_2230.jpg,1
image_2192.jpg,1
image_3647.jpg,1
image_3999.jpg,1
image_4792.jpg,1
image_2939.jpg,1
image_4717.jpg,1
image_2246.jpg,1
image_1138.jpg,1
image_4704.jpg,1
image_275.jpg,1
image_647.jpg,1
image_3220.jpg,1
image_1418.jpg,1
image_5622.jpg,1
image_3468.jpg,1
image_35.jpg,1
image_2956.jpg,1
image_32.jpg,1
image_5437.jpg,1
image_2227.jpg,1
image_5660.jpg,1
image_2218.jpg,1
image_902.jpg,1
image_3304.jpg,1
image_3230.jpg,1
image_263.jpg,1
image_3730.jpg,1
image_967.jpg,1
image_3199.jpg,1
image_1357.jpg,1
image_995.jpg,1
image_2263.jpg,1
image_3297.jpg,1
image_1807.jpg,1
image_897.jpg,1
image_923.jpg,1
image_3283.jpg,1
image_1193.jpg,1
image_1146.jpg,1
image_3217.jpg,1
image_4636.jpg,1
image_1374.jpg,1
image_5463.jpg,1
image_128.jpg,1
image_2226.jpg,1
image_5619.jpg,1
image_798.jpg,1
image_542.jpg,1
image_3447.jpg,1
image_1048.jpg,1
image_2260.jpg,1
image_3314.jpg,1
image_933.jpg,1
image_412.jpg,1
image_943.jpg,1
image_2925.jpg,1
image_3137.jpg,1
image_1453.jpg,1
image_5414.jpg,1
image_4654.jpg,1
image_1888.jpg,1
image_2087.jpg,1
image_5416.jpg,1
image_521.jpg,1
image_1027.jpg,1
image_929.jpg,1
image_2754.jpg,2
image_161.jpg,2
image_5982.jpg,2
image_2811.jpg,2
image_1083.jpg,2
image_2157.jpg,2
image_6036.jpg,2
image_4579.jpg,2
image_4553.jpg,2
image_4273.jpg,2
image_5089.jpg,2
image_2532.jpg,2
image_5072.jpg,2
image_2301.jpg,2
image_5038.jpg,2
image_1311.jpg,2
image_4226.jpg,2
image_3108.jpg,2
image_6191.jpg,2
image_839.jpg,2
image_105.jpg,2
image_3093.jpg,2
image_41.jpg,2
image_3107.jpg,2
image_3929.jpg,2
image_4243.jpg,2
image_4861.jpg,2
image_4139.jpg,2
image_5502.jpg,2
image_1304.jpg,2
image_6070.jpg,2
image_812.jpg,2
image_3904.jpg,2
image_5941.jpg,2
image_1058.jpg,2
image_5045.jpg,2
image_3913.jpg,2
image_5661.jpg,2
image_820.jpg,2
image_718.jpg,2
image_4694.jpg,2
image_4869.jpg,2
image_2336.jpg,2
image_830.jpg,2
image_673.jpg,2
image_3119.jpg,2
image_4281.jpg,2
image_5943.jpg,2
image_5056.jpg,2
image_5478.jpg,2
image_2561.jpg,2
image_5493.jpg,2
image_63.jpg,2
image_708.jpg,2
image_2637.jpg,2
image_1582.jpg,2
image_2759.jpg,2
image_5711.jpg,2
image_2291.jpg,2
image_6214.jpg,2
image_4425.jpg,2
image_5710.jpg,2
image_4275.jpg,2
image_4387.jpg,2
image_682.jpg,2
image_3911.jpg,2
image_5036.jpg,2
image_6178.jpg,2
image_5705.jpg,2
image_1291.jpg,2
image_6063.jpg,2
image_4577.jpg,2
image_4222.jpg,2
image_315.jpg,2
image_39.jpg,2
image_4160.jpg,2
image_2773.jpg,2
image_6200.jpg,2
image_4174.jpg,2
image_6131.jpg,2
image_6023.jpg,2
image_4240.jpg,2
image_3406.jpg,2
image_6195.jpg,2
image_5079.jpg,2
image_5471.jpg,2
image_2138.jpg,2
image_689.jpg,2
image_4266.jpg,2
image_727.jpg,2
image_85.jpg,2
image_6194.jpg,2
image_6103.jpg,2
image_6182.jpg,2
image_2665.jpg,2
image_5947.jpg,2
image_4541.jpg,2
image_866.jpg,2
image_4872.jpg,2
image_89.jpg,2
image_6123.jpg,2
image_2660.jpg,2
image_4378.jpg,2
image_60.jpg,2
image_5062.jpg,2
image_31.jpg,2
image_261.jpg,2
image_672.jpg,2
image_4865.jpg,2
image_2758.jpg,2
image_4414.jpg,2
image_4228.jpg,2
image_6155.jpg,2
image_4166.jpg,2
image_664.jpg,2
image_701.jpg,2
image_70.jpg,2
image_4587.jpg,2
image_51.jpg,2
image_2761.jpg,2
image_6022.jpg,2
image_4922.jpg,2
image_5653.jpg,2
image_2642.jpg,2
image_4445.jpg,2
image_4866.jpg,2
image_5090.jpg,2
image_5053.jpg,2
image_4398.jpg,2
image_6174.jpg,2
image_4862.jpg,2
image_5743.jpg,2
image_1572.jpg,2
image_2276.jpg,2
image_52.jpg,2
image_5479.jpg,2
image_4675.jpg,2
image_4696.jpg,2
image_4256.jpg,2
image_4217.jpg,2
image_5064.jpg,2
image_1325.jpg,2
image_2804.jpg,2
image_4218.jpg,2
image_4928.jpg,2
image_6104.jpg,2
image_3090.jpg,2
image_2155.jpg,2
image_6180.jpg,2
image_79.jpg,2
image_2114.jpg,2
image_4176.jpg,2
image_3096.jpg,2
image_1081.jpg,2
image_6067.jpg,2
image_4224.jpg,2
image_80.jpg,2
image_4280.jpg,2
image_4544.jpg,2
image_823.jpg,2
image_6152.jpg,2
image_123.jpg,2
image_4147.jpg,2
image_680.jpg,2
image_4913.jpg,2
image_6183.jpg,2
image_5719.jpg,2
image_5480.jpg,2
image_2762.jpg,2
image_1326.jpg,2
image_6206.jpg,2
image_5733.jpg,2
image_6098.jpg,2
image_6208.jpg,2
image_5080.jpg,2
image_6204.jpg,2
image_879.jpg,2
image_6224.jpg,2
image_1281.jpg,2
image_2172.jpg,2
image_2165.jpg,2
image_3100.jpg,2
image_4380.jpg,2
image_2813.jpg,2
image_3168.jpg,2
image_6165.jpg,2
image_2785.jpg,2
image_6205.jpg,2
image_4897.jpg,2
image_281.jpg,2
image_705.jpg,2
image_57.jpg,2
image_2149.jpg,2
image_2770.jpg,2
image_4253.jpg,2
image_1282.jpg,2
image_2113.jpg,2
image_65.jpg,2
image_5961.jpg,2
image_157.jpg,2
image_2658.jpg,2
image_2795.jpg,2
image_5724.jpg,2
image_2543.jpg,2
image_2793.jpg,2
image_6034.jpg,2
image_6005.jpg,2
image_1570.jpg,2
image_3161.jpg,2
image_6093.jpg,2
image_2639.jpg,2
image_813.jpg,2
image_4249.jpg,2
image_831.jpg,2
image_3084.jpg,2
image_1098.jpg,2
image_55.jpg,2
image_6128.jpg,2
image_59.jpg,2
image_2318.jpg,2
image_2756.jpg,2
image_692.jpg,2
image_3102.jpg,2
image_96.jpg,2
image_4453.jpg,2
image_6064.jpg,2
image_4138.jpg,2
image_4144.jpg,2
image_1301.jpg,2
image_828.jpg,2
image_2121.jpg,2
image_5494.jpg,2
image_4877.jpg,2
image_1571.jpg,2
image_5689.jpg,2
image_2812.jpg,2
image_821.jpg,2
image_262.jpg,2
image_5435.jpg,2
image_6043.jpg,2
image_4131.jpg,2
image_844.jpg,2
image_5727.jpg,2
image_4693.jpg,2
image_873.jpg,2
image_4156.jpg,2
image_4552.jpg,2
image_818.jpg,2
image_815.jpg,2
image_4403.jpg,2
image_54.jpg,2
image_4170.jpg,2
image_4400.jpg,2
image_2563.jpg,2
image_4906.jpg,2
image_4880.jpg,2
image_4568.jpg,2
image_2139.jpg,2
image_152.jpg,2
image_6160.jpg,2
image_6153.jpg,2
image_2292.jpg,2
image_4223.jpg,2
image_6051.jpg,2
image_1562.jpg,2
image_6217.jpg,2
image_6100.jpg,2
image_5703.jpg,2
image_4183.jpg,2
image_4911.jpg,2
image_4229.jpg,2
image_5060.jpg,2
image_297.jpg,2
image_5962.jpg,2
image_1088.jpg,2
image_5081.jpg,2
image_6161.jpg,2
image_3405.jpg,2
image_5734.jpg,2
image_3089.jpg,2
image_5504.jpg,2
image_2136.jpg,2
image_2129.jpg,2
image_2185.jpg,2
image_74.jpg,2
image_2645.jpg,2
image_1578.jpg,2
image_3417.jpg,2
image_2670.jpg,2
image_2177.jpg,2
image_2755.jpg,2
image_6173.jpg,2
image_2657.jpg,2
image_822.jpg,2
image_38.jpg,2
image_1589.jpg,2
image_4221.jpg,2
image_5721.jpg,2
image_6145.jpg,2
image_2651.jpg,2
image_6037.jpg,2
image_1296.jpg,2
image_4561.jpg,2
image_6026.jpg,2
image_3091.jpg,2
image_4418.jpg,2
image_5616.jpg,2
image_6127.jpg,2
image_4399.jpg,2
image_4262.jpg,2
image_1271.jpg,2
image_6095.jpg,2
image_2581.jpg,2
image_4389.jpg,2
image_6030.jpg,2
image_835.jpg,2
image_6124.jpg,2
image_5920.jpg,2
image_1054.jpg,2
image_4216.jpg,2
image_4659.jpg,2
image_6044.jpg,2
image_6142.jpg,2
image_1618.jpg,2
image_877.jpg,2
image_2162.jpg,2
image_1077.jpg,2
image_1288.jpg,2
image_4232.jpg,2
image_2181.jpg,2
image_4271.jpg,2
image_5716.jpg,2
image_819.jpg,2
image_3920.jpg,2
image_6058.jpg,2
image_6082.jpg,2
image_724.jpg,2
image_5458.jpg,2
image_2578.jpg,2
image_6062.jpg,2
image_1074.jpg,2
image_4423.jpg,2
image_4893.jpg,2
image_5025.jpg,2
image_75.jpg,2
image_2153.jpg,2
image_4894.jpg,2
image_2757.jpg,2
image_1319.jpg,2
image_6167.jpg,2
image_3948.jpg,2
image_2135.jpg,2
image_5736.jpg,2
image_4605.jpg,2
image_4175.jpg,2
image_4596.jpg,2
image_882.jpg,2
image_713.jpg,2
image_1086.jpg,2
image_854.jpg,2
image_1091.jpg,2
image_5061.jpg,2
image_3914.jpg,2
image_3414.jpg,2
image_4134.jpg,2
image_6025.jpg,2
image_4265.jpg,2
image_2346.jpg,2
image_4442.jpg,2
image_5026.jpg,2
image_1320.jpg,2
image_5935.jpg,2
image_4435.jpg,2
image_4267.jpg,2
image_4394.jpg,2
image_2111.jpg,2
image_2127.jpg,2
image_4689.jpg,2
image_5054.jpg,2
image_4661.jpg,2
image_4666.jpg,2
image_5945.jpg,2
image_3966.jpg,2
image_4549.jpg,2
image_1599.jpg,2
image_1290.jpg,2
image_3106.jpg,2
image_4589.jpg,2
image_1056.jpg,2
image_5702.jpg,2
image_2764.jpg,2
image_2272.jpg,2
image_710.jpg,2
image_1600.jpg,2
image_872.jpg,2
image_2654.jpg,2
image_34.jpg,2
image_4251.jpg,2
image_1591.jpg,2
image_2653.jpg,2
image_836.jpg,2
image_2671.jpg,2
image_2518.jpg,2
image_2763.jpg,2
image_6120.jpg,2
image_156.jpg,2
image_4245.jpg,2
image_4427.jpg,2
image_4598.jpg,2
image_6216.jpg,2
image_4264.jpg,2
image_3892.jpg,2
image_1065.jpg,2
image_61.jpg,2
image_2640.jpg,2
image_2148.jpg,2
image_1303.jpg,2
image_2789.jpg,2
image_5078.jpg,2
image_3947.jpg,2
image_1095.jpg,2
image_6176.jpg,2
image_6105.jpg,2
image_2649.jpg,2
image_4540.jpg,2
image_125.jpg,2
image_5975.jpg,2
image_6014.jpg,2
image_4868.jpg,2
image_113.jpg,2
image_5098.jpg,2
image_5444.jpg,2
image_1100.jpg,2
image_4238.jpg,2
image_883.jpg,2
image_2182.jpg,2
image_3910.jpg,2
image_4390.jpg,2
image_1302.jpg,2
image_6035.jpg,2
image_140.jpg,2
image_1587.jpg,2
image_4688.jpg,2
image_73.jpg,2
image_4213.jpg,2
image_6190.jpg,2
image_4215.jpg,2
image_4901.jpg,2
image_4860.jpg,2
image_2780.jpg,2
image_5712.jpg,2
image_4255.jpg,2
image_5099.jpg,2
image_5696.jpg,2
image_6144.jpg,2
image_5741.jpg,2
image_306.jpg,2
image_6134.jpg,2
image_4260.jpg,2
image_2644.jpg,2
image_856.jpg,2
image_6186.jpg,2
image_290.jpg,2
image_5097.jpg,2
image_814.jpg,2
image_4143.jpg,2
image_2638.jpg,2
image_1101.jpg,2
image_4247.jpg,2
image_5442.jpg,2
image_4899.jpg,2
image_5928.jpg,2
image_5487.jpg,2
image_1093.jpg,2
image_4685.jpg,2
image_298.jpg,2
image_4274.jpg,2
image_5955.jpg,2
image_4162.jpg,2
image_1556.jpg,2
image_1259.jpg,2
image_40.jpg,2
image_4155.jpg,2
image_1601.jpg,2
image_3160.jpg,2
image_2810.jpg,2
image_5967.jpg,2
image_133.jpg,2
image_4151.jpg,2
image_4406.jpg,2
image_726.jpg,2
image_816.jpg,2
image_1608.jpg,2
image_106.jpg,2
image_1546.jpg,2
image_5746.jpg,2
image_5626.jpg,2
image_6116.jpg,2
image_1069.jpg,2
image_6234.jpg,2
image_4863.jpg,2
image_316.jpg,2
image_6107.jpg,2
image_2132.jpg,2
image_5918.jpg,2
image_2580.jpg,2
image_4133.jpg,2
image_2666.jpg,2
image_3957.jpg,2
image_3940.jpg,2
image_871.jpg,2
image_5704.jpg,2
image_5958.jpg,2
image_4697.jpg,2
image_855.jpg,2
image_4903.jpg,2
image_253.jpg,2
image_6172.jpg,2
image_3939.jpg,2
image_4882.jpg,2
image_1060.jpg,2
image_4379.jpg,2
image_4558.jpg,2
image_6130.jpg,2
image_847.jpg,2
image_6108.jpg,2
image_4613.jpg,2
image_4883.jpg,2
image_881.jpg,2
image_4876.jpg,2
image_4220.jpg,2
image_3903.jpg,2
image_4669.jpg,2
image_4677.jpg,2
image_6125.jpg,2
image_2310.jpg,2
image_1079.jpg,2
image_706.jpg,2
image_4146.jpg,2
image_2275.jpg,2
image_3111.jpg,2
image_1605.jpg,2
image_719.jpg,2
image_2329.jpg,2
image_1312.jpg,2
image_2554.jpg,2
image_1078.jpg,2
image_5452.jpg,2
image_1580.jpg,2
image_2672.jpg,2
image_5102.jpg,2
image_1064.jpg,2
image_4888.jpg,2
image_4864.jpg,2
image_4580.jpg,2
image_858.jpg,2
image_1610.jpg,2
image_3098.jpg,2
image_2516.jpg,2
image_1102.jpg,2
image_6119.jpg,2
image_886.jpg,2
image_3928.jpg,2
image_6008.jpg,2
image_5713.jpg,2
image_2327.jpg,2
image_2798.jpg,2
image_2311.jpg,2
image_875.jpg,2
image_42.jpg,2
image_44.jpg,2
image_4426.jpg,2
image_4887.jpg,2
image_5924.jpg,2
image_6233.jpg,2
image_1285.jpg,2
image_3097.jpg,2
image_1324.jpg,2
image_2145.jpg,2
image_6021.jpg,2
image_66.jpg,2
image_6029.jpg,2
image_1307.jpg,2
image_4879.jpg,2
image_3109.jpg,2
image_5989.jpg,2
image_6199.jpg,2
image_97.jpg,2
image_3079.jpg,2
image_2319.jpg,2
image_6092.jpg,2
image_2652.jpg,2
image_5028.jpg,2
image_845.jpg,2
image_6227.jpg,2
image_5722.jpg,2
image_4912.jpg,2
image_6047.jpg,2
image_4416.jpg,2
image_2150.jpg,2
image_870.jpg,2
image_3110.jpg,2
image_2328.jpg,2
image_2573.jpg,2
image_151.jpg,2
image_6129.jpg,2
image_67.jpg,2
image_6193.jpg,2
image_825.jpg,2
image_271.jpg,2
image_4550.jpg,2
image_2173.jpg,2
image_5092.jpg,2
image_867.jpg,2
image_4918.jpg,2
image_5739.jpg,2
image_2147.jpg,2
image_878.jpg,2
image_6164.jpg,2
image_2775.jpg,2
image_5745.jpg,2
image_4233.jpg,2
image_5034.jpg,2
image_2146.jpg,2
image_2128.jpg,2
image_1322.jpg,2
image_865.jpg,2
image_2629.jpg,2
image_2131.jpg,2
image_6159.jpg,2
image_6083.jpg,2
image_3427.jpg,2
image_2274.jpg,2
image_3923.jpg,2
image_4145.jpg,2
image_4874.jpg,2
image_2183.jpg,2
image_4614.jpg,2
image_6033.jpg,2
image_2796.jpg,2
image_687.jpg,2
image_4909.jpg,2
image_5644.jpg,2
image_2175.jpg,2
image_837.jpg,2
image_1547.jpg,2
image_5749.jpg,2
image_4921.jpg,2
image_817.jpg,2
image_3419.jpg,2
image_2633.jpg,2
image_78.jpg,2
image_842.jpg,2
image_6136.jpg,2
image_851.jpg,2
image_6057.jpg,2
image_2590.jpg,2
image_690.jpg,2
image_869.jpg,2
image_5922.jpg,2
image_6170.jpg,2
image_5925.jpg,2
image_49.jpg,2
image_3092.jpg,2
image_6223.jpg,2
image_53.jpg,2
image_6118.jpg,2
image_1082.jpg,2
image_1289.jpg,2
image_3163.jpg,2
image_6133.jpg,2
image_150.jpg,2
image_1555.jpg,2
image_4172.jpg,2
image_4261.jpg,2
image_1300.jpg,2
image_3088.jpg,2
image_5489.jpg,2
image_6126.jpg,2
image_64.jpg,2
image_289.jpg,2
image_2552.jpg,2
image_3112.jpg,2
image_2661.jpg,2
image_6015.jpg,2
image_5974.jpg,2
image_1053.jpg,2
image_2646.jpg,2
image_2760.jpg,2
image_5952.jpg,2
image_1275.jpg,2
image_2112.jpg,2
image_3101.jpg,2
image_2664.jpg,2
image_2144.jpg,2
image_2109.jpg,2
image_4284.jpg,2
image_2768.jpg,2
image_829.jpg,2
image_2777.jpg,2
image_86.jpg,2
image_72.jpg,2
image_4606.jpg,2
image_2545.jpg,2
image_2176.jpg,2
image_2655.jpg,2
image_2571.jpg,2
image_5441.jpg,2
image_1554.jpg,2
image_1072.jpg,2
image_880.jpg,2
image_709.jpg,2
image_4562.jpg,2
image_4248.jpg,2
image_6111.jpg,2
image_1085.jpg,2
image_1265.jpg,2
image_5486.jpg,2
image_6149.jpg,2
image_4878.jpg,2
image_3083.jpg,2
image_6068.jpg,2
image_3094.jpg,2
image_2779.jpg,2
image_4443.jpg,2
image_5963.jpg,2
image_3950.jpg,2
image_2588.jpg,2
image_6225.jpg,2
image_2348.jpg,2
image_1619.jpg,2
image_4886.jpg,2
image_5979.jpg,2
image_2156.jpg,2
image_3967.jpg,2
image_834.jpg,2
image_4164.jpg,2
image_2535.jpg,2
image_5470.jpg,2
image_5970.jpg,2
image_1090.jpg,2
image_4926.jpg,2
image_6187.jpg,2
image_4242.jpg,2
image_5495.jpg,2
image_4660.jpg,2
image_824.jpg,2
image_2282.jpg,2
image_5931.jpg,2
image_2118.jpg,2
image_2338.jpg,2
image_6168.jpg,2
image_3080.jpg,2
image_2303.jpg,2
image_5100.jpg,2
image_6179.jpg,2
image_3896.jpg,2
image_68.jpg,2
image_5607.jpg,2
image_4595.jpg,2
image_3118.jpg,2
image_1297.jpg,2
image_116.jpg,2
image_6110.jpg,2
image_3172.jpg,2
image_6235.jpg,2
image_5738.jpg,2
image_6185.jpg,2
image_1107.jpg,2
image_2347.jpg,2
image_2772.jpg,2
image_861.jpg,2
image_5688.jpg,2
image_4257.jpg,2
image_2321.jpg,2
image_716.jpg,2
image_4142.jpg,2
image_4434.jpg,2
image_1274.jpg,2
image_4159.jpg,2
image_2344.jpg,2
image_4683.jpg,2
image_6147.jpg,2
image_1597.jpg,2
image_1606.jpg,2
image_4152.jpg,2
image_843.jpg,2
image_5467.jpg,2
image_3894.jpg,2
image_43.jpg,2
image_6013.jpg,2
image_6039.jpg,2
image_2337.jpg,2
image_1295.jpg,2
image_2524.jpg,2
image_77.jpg,2
image_307.jpg,2
image_3408.jpg,2
image_1266.jpg,2
image_6099.jpg,2
image_5718.jpg,2
image_2140.jpg,2
image_1293.jpg,2
image_5484.jpg,2
image_2564.jpg,2
image_3170.jpg,2
image_717.jpg,2
image_1298.jpg,2
image_6024.jpg,2
image_4687.jpg,2
image_5968.jpg,2
image_2141.jpg,2
image_4892.jpg,2
image_826.jpg,2
image_5964.jpg,2
image_5932.jpg,2
image_4236.jpg,2
image_2171.jpg,2
image_5434.jpg,2
image_2553.jpg,2
image_5723.jpg,2
image_5742.jpg,2
image_6158.jpg,2
image_3912.jpg,2
image_130.jpg,2
image_874.jpg,2
image_4246.jpg,2
image_2643.jpg,2
image_4141.jpg,2
image_5923.jpg,2
image_3159.jpg,2
image_6045.jpg,2
image_3905.jpg,2
image_4252.jpg,2
image_1071.jpg,2
image_4917.jpg,2
image_2166.jpg,2
image_131.jpg,2
image_2137.jpg,2
image_6113.jpg,2
image_691.jpg,2
image_665.jpg,2
image_4376.jpg,2
image_2805.jpg,2
image_6028.jpg,2
image_2662.jpg,2
image_4173.jpg,2
image_5728.jpg,2
image_6122.jpg,2
image_6007.jpg,2
image_6197.jpg,2
image_1616.jpg,2
image_1257.jpg,2
image_1061.jpg,2
image_827.jpg,2
image_5073.jpg,2
image_5956.jpg,2
image_4413.jpg,2
image_3930.jpg,2
image_6102.jpg,2
image_4270.jpg,2
image_2591.jpg,2
image_4603.jpg,2
image_6017.jpg,2
image_2186.jpg,2
image_6157.jpg,2
image_5024.jpg,2
image_2514.jpg,2
image_5451.jpg,2
image_4165.jpg,2
image_5052.jpg,2
image_1583.jpg,2
image_6061.jpg,2
image_5051.jpg,2
image_4586.jpg,2
image_1258.jpg,2
image_1276.jpg,2
image_2628.jpg,2
image_810.jpg,2
image_5044.jpg,2
image_1080.jpg,2
image_1330.jpg,2
image_6146.jpg,2
image_6154.jpg,2
image_714.jpg,2
image_2528.jpg,2
image_4424.jpg,2
image_840.jpg,2
image_6050.jpg,2
image_2294.jpg,2
image_1070.jpg,2
image_6171.jpg,2
image_2537.jpg,2
image_4407.jpg,2
image_252.jpg,2
image_4543.jpg,2
image_3078.jpg,2
image_4670.jpg,2
image_3428.jpg,2
image_6203.jpg,2
image_1309.jpg,2
image_2562.jpg,2
image_2569.jpg,2
image_1598.jpg,2
image_846.jpg,2
image_4692.jpg,2
image_2802.jpg,2
image_6054.jpg,2
image_696.jpg,2
image_4902.jpg,2
image_1588.jpg,2
image_6156.jpg,2
image_6048.jpg,2
image_3902.jpg,2
image_104.jpg,2
image_5950.jpg,2
image_1084.jpg,2
image_6115.jpg,2
image_1268.jpg,2
image_699.jpg,2
image_2774.jpg,2
image_87.jpg,2
image_2809.jpg,2
image_4254.jpg,2
image_4276.jpg,2
image_4177.jpg,2
image_2790.jpg,2
image_3169.jpg,2
image_4673.jpg,2
image_2320.jpg,2
image_6132.jpg,2
image_1272.jpg,2
image_4405.jpg,2
image_2536.jpg,2
image_2345.jpg,2
image_6052.jpg,2
image_4278.jpg,2
image_3087.jpg,2
image_3426.jpg,2
image_4140.jpg,2
image_2174.jpg,2
image_71.jpg,2
image_2669.jpg,2
image_857.jpg,2
image_4269.jpg,2
image_652.jpg,2
image_678.jpg,2
image_6109.jpg,2
image_2782.jpg,2
image_2791.jpg,2
image_4889.jpg,2
image_3407.jpg,2
image_5046.jpg,2
image_2158.jpg,2
image_4396.jpg,2
image_5625.jpg,2
image_4250.jpg,2
image_1305.jpg,2
image_725.jpg,2
image_832.jpg,2
image_4867.jpg,2
image_1609.jpg,2
image_5043.jpg,2
image_2123.jpg,2
image_663.jpg,2
image_4674.jpg,2
image_2281.jpg,2
image_1055.jpg,2
image_2517.jpg,2
image_728.jpg,2
image_5461.jpg,2
image_4385.jpg,2
image_1063.jpg,2
image_6094.jpg,2
image_141.jpg,2
image_707.jpg,2
image_5942.jpg,2
image_115.jpg,2
image_5951.jpg,2
image_862.jpg,2
image_5066.jpg,2
image_1099.jpg,2
image_1544.jpg,2
image_2803.jpg,2
image_4148.jpg,2
image_5959.jpg,2
image_122.jpg,2
image_1553.jpg,2
image_3116.jpg,2
image_280.jpg,2
image_1067.jpg,2
image_1323.jpg,2
image_4910.jpg,2
image_4135.jpg,2
image_3117.jpg,2
image_2784.jpg,2
image_6065.jpg,2
image_1280.jpg,2
image_6175.jpg,2
image_681.jpg,2
image_4542.jpg,2
image_2293.jpg,2
image_5101.jpg,2
image_1565.jpg,2
image_4137.jpg,2
image_2163.jpg,2
image_5057.jpg,2
image_4559.jpg,2
image_661.jpg,2
image_1108.jpg,2
image_4612.jpg,2
image_2648.jpg,2
image_4551.jpg,2
image_5468.jpg,2
image_2656.jpg,2
image_4212.jpg,2
image_50.jpg,2
image_4569.jpg,2
image_5940.jpg,2
image_4182.jpg,2
image_674.jpg,2
image_3082.jpg,2
image_6141.jpg,2
image_5459.jpg,2
image_841.jpg,2
image_4898.jpg,2
image_5476.jpg,2
image_2273.jpg,2
image_3425.jpg,2
image_1573.jpg,2
image_5953.jpg,2
image_868.jpg,2
image_1563.jpg,2
image_4884.jpg,2
image_1066.jpg,2
image_2167.jpg,2
image_5433.jpg,2
image_1592.jpg,2
image_4382.jpg,2
image_5977.jpg,2
image_4895.jpg,2
image_852.jpg,2
image_4870.jpg,2
image_3409.jpg,2
image_5929.jpg,2
image_5497.jpg,2
image_4377.jpg,2
image_1308.jpg,2
image_3404.jpg,2
image_1316.jpg,2
image_4560.jpg,2
image_5037.jpg,2
image_6137.jpg,2
image_863.jpg,2
image_5971.jpg,2
image_4391.jpg,2
image_3099.jpg,2
image_5039.jpg,2
image_2781.jpg,2
image_1564.jpg,2
image_5972.jpg,2
image_5973.jpg,2
image_6074.jpg,2
image_5944.jpg,2
image_3178.jpg,2
image_1315.jpg,2
image_2122.jpg,2
image_5048.jpg,2
image_6060.jpg,2
image_4885.jpg,2
image_2523.jpg,2
image_4436.jpg,2
image_6031.jpg,2
image_833.jpg,2
image_48.jpg,2
image_4451.jpg,2
image_3941.jpg,2
image_4891.jpg,2
image_4597.jpg,2
image_4225.jpg,2
image_6049.jpg,2
image_3931.jpg,2
image_4578.jpg,2
image_722.jpg,2
image_84.jpg,2
image_2579.jpg,2
image_4149.jpg,2
image_4916.jpg,2
image_4263.jpg,2
image_5074.jpg,2
image_3104.jpg,2
image_5450.jpg,2
image_5687.jpg,2
image_5981.jpg,2
image_6101.jpg,2
image_4929.jpg,2
image_5748.jpg,2
image_6139.jpg,2
image_114.jpg,2
image_2120.jpg,2
image_3081.jpg,2
image_686.jpg,2
image_2799.jpg,2
image_1314.jpg,2
image_859.jpg,2
image_3415.jpg,2
image_5938.jpg,2
image_6004.jpg,2
image_1306.jpg,2
image_3922.jpg,2
image_5954.jpg,2
image_679.jpg,2
image_4214.jpg,2
image_6072.jpg,2
image_134.jpg,2
image_5914.jpg,2
image_4588.jpg,2
image_5969.jpg,2
image_5047.jpg,2
image_33.jpg,2
image_4452.jpg,2
image_4268.jpg,2
image_3937.jpg,2
image_2302.jpg,2
image_6032.jpg,2
image_655.jpg,2
image_1068.jpg,2
image_2309.jpg,2
image_6040.jpg,2
image_5694.jpg,2
image_2541.jpg,2
image_4691.jpg,2
image_4239.jpg,2
image_5936.jpg,2
image_6226.jpg,2
image_5469.jpg,2
image_1574.jpg,2
image_158.jpg,2
image_6181.jpg,2
image_4920.jpg,2
image_5503.jpg,2
image_4570.jpg,2
image_270.jpg,2
image_76.jpg,2
image_5948.jpg,2
image_160.jpg,2
image_4433.jpg,2
image_5501.jpg,2
image_5744.jpg,2
image_3085.jpg,2
image_5635.jpg,2
image_4907.jpg,2
image_4616.jpg,2
image_4873.jpg,2
image_6006.jpg,2
image_4386.jpg,2
image_3086.jpg,2
image_6069.jpg,2
image_1096.jpg,2
image_6041.jpg,2
image_6236.jpg,2
image_5927.jpg,2
image_4185.jpg,2
image_6166.jpg,2
image_1094.jpg,2
image_6073.jpg,2
image_5617.jpg,2
image_2339.jpg,2
image_5075.jpg,2
image_124.jpg,2
image_1277.jpg,2
image_5460.jpg,2
image_6059.jpg,2
image_654.jpg,2
image_5921.jpg,2
image_4890.jpg,2
image_5916.jpg,2
image_5485.jpg,2
image_6079.jpg,2
image_3164.jpg,2
image_1321.jpg,2
image_4678.jpg,2
image_5732.jpg,2
image_5492.jpg,2
image_69.jpg,2
image_3895.jpg,2
image_4136.jpg,2
image_142.jpg,2
image_4231.jpg,2
image_6091.jpg,2
image_4931.jpg,2
image_1313.jpg,2
image_5990.jpg,2
image_3416.jpg,2
image_6055.jpg,2
image_1264.jpg,2
image_88.jpg,2
image_5091.jpg,2
image_2525.jpg,2
image_5071.jpg,2
image_3103.jpg,2
image_5715.jpg,2
image_6046.jpg,2
image_4927.jpg,2
image_5069.jpg,2
image_4417.jpg,2
image_715.jpg,2
image_853.jpg,2
image_5983.jpg,2
image_876.jpg,2
image_2787.jpg,2
image_4409.jpg,2
image_5506.jpg,2
image_1561.jpg,2
image_2765.jpg,2
image_83.jpg,2
image_2800.jpg,2
image_4930.jpg,2
image_5735.jpg,2
image_671.jpg,2
image_5937.jpg,2
image_3958.jpg,2
image_4227.jpg,2
image_864.jpg,2
image_5714.jpg,2
image_2154.jpg,2
image_2659.jpg,2
image_2572.jpg,2
image_2792.jpg,2
image_2184.jpg,2
image_4571.jpg,2
image_2335.jpg,2
image_4388.jpg,2
image_5042.jpg,2
image_2164.jpg,2
image_2769.jpg,2
image_2641.jpg,2
image_1073.jpg,2
image_811.jpg,2
image_4404.jpg,2
image_2767.jpg,2
image_6112.jpg,2
image_6215.jpg,2
image_3921.jpg,2
image_4244.jpg,2
image_2534.jpg,2
image_1075.jpg,2
image_6196.jpg,2
image_6232.jpg,2
image_2794.jpg,2
image_4167.jpg,2
image_5917.jpg,2
image_6138.jpg,2
image_5984.jpg,2
image_4171.jpg,2
image_885.jpg,2
image_5055.jpg,2
image_5919.jpg,2
image_2168.jpg,2
image_4397.jpg,2
image_3095.jpg,2
image_98.jpg,2
image_5737.jpg,2
image_288.jpg,2
image_1284.jpg,2
image_244.jpg,2
image_5498.jpg,2
image_5453.jpg,2
image_5939.jpg,2
image_1287.jpg,2
image_4235.jpg,2
image_4900.jpg,2
image_4615.jpg,2
image_4234.jpg,2
image_6169.jpg,2
image_5507.jpg,2
image_3949.jpg,2
image_1299.jpg,2
image_688.jpg,2
image_5443.jpg,2
image_2570.jpg,2
image_2647.jpg,2
image_3177.jpg,2
image_1545.jpg,2
image_2533.jpg,2
image_4153.jpg,2
image_2284.jpg,2
image_82.jpg,2
image_6038.jpg,2
image_3173.jpg,2
image_1087.jpg,2
image_2130.jpg,2
image_4904.jpg,2
image_1607.jpg,2
image_4695.jpg,2
image_1286.jpg,2
image_6106.jpg,2
image_6184.jpg,2
image_143.jpg,2
image_6027.jpg,2
image_5088.jpg,2
image_1062.jpg,2
image_4272.jpg,2
image_4150.jpg,2
image_3938.jpg,2
image_698.jpg,2
image_2551.jpg,2
image_5726.jpg,2
image_3893.jpg,2
image_2771.jpg,2
image_2650.jpg,2
image_56.jpg,2
image_5980.jpg,2
image_1267.jpg,2
image_3932.jpg,2
image_5717.jpg,2
image_5966.jpg,2
image_850.jpg,2
image_4686.jpg,2
image_5930.jpg,2
image_1076.jpg,2
image_5740.jpg,2
image_4881.jpg,2
image_4908.jpg,2
image_4219.jpg,2
image_1329.jpg,2
image_2766.jpg,2
image_6140.jpg,2
image_884.jpg,2
image_3423.jpg,2
image_6117.jpg,2
image_2326.jpg,2
image_6213.jpg,2
image_1581.jpg,2
image_1317.jpg,2
image_1059.jpg,2
image_3171.jpg,2
image_2801.jpg,2
image_5933.jpg,2
image_2519.jpg,2
image_4184.jpg,2
image_6198.jpg,2
image_3901.jpg,2
image_3413.jpg,2
image_5992.jpg,2
image_5087.jpg,2
image_5915.jpg,2
image_5063.jpg,2
image_243.jpg,2
image_81.jpg,2
image_5725.jpg,2
image_6121.jpg,2
image_3418.jpg,2
image_1089.jpg,2
image_4679.jpg,2
image_5652.jpg,2
image_4667.jpg,2
image_1103.jpg,2
image_1617.jpg,2
image_2544.jpg,2
image_4415.jpg,2
image_5695.jpg,2
image_6053.jpg,2
image_6135.jpg,2
image_2663.jpg,2
image_5070.jpg,2
image_4157.jpg,2
image_6177.jpg,2
image_132.jpg,2
image_6081.jpg,2
image_2285.jpg,2
image_3424.jpg,2
image_5949.jpg,2
image_656.jpg,2
image_848.jpg,2
image_6163.jpg,2
image_697.jpg,2
image_6097.jpg,2
image_3165.jpg,2
image_2667.jpg,2
image_6150.jpg,2
image_4237.jpg,2
image_3113.jpg,2
image_1294.jpg,2
image_5960.jpg,2
image_279.jpg,2
image_1579.jpg,2
image_107.jpg,2
image_4163.jpg,2
image_5093.jpg,2
image_4871.jpg,2
image_860.jpg,2
image_3959.jpg,2
image_1590.jpg,2
image_5082.jpg,2
image_4258.jpg,2
image_2159.jpg,2
image_1057.jpg,2
image_2283.jpg,2
image_1273.jpg,2
image_1097.jpg,2
image_4161.jpg,2
image_5462.jpg,2
image_5993.jpg,2
image_1327.jpg,2
image_2542.jpg,2
image_2119.jpg,2
image_62.jpg,2
image_5991.jpg,2
image_2110.jpg,2
image_2589.jpg,2
image_159.jpg,2
image_5084.jpg,2
image_6071.jpg,2
image_4132.jpg,2
image_5965.jpg,2
image_6066.jpg,2
image_2776.jpg,2
image_2778.jpg,2
image_849.jpg,2
image_6114.jpg,2
image_4919.jpg,2
image_4607.jpg,2
image_5030.jpg,2
image_6042.jpg,2
image_6189.jpg,2
image_5978.jpg,2
image_2555.jpg,2
image_5634.jpg,2
image_5946.jpg,2
image_4444.jpg,2
image_2630.jpg,2
image_6209.jpg,2
image_5729.jpg,2
image_1310.jpg,2
image_6016.jpg,2
image_6080.jpg,2
image_4230.jpg,2
image_6056.jpg,2
image_5720.jpg,2
image_5475.jpg,2
image_2546.jpg,2
image_2527.jpg,2
image_6218.jpg,2
image_2560.jpg,2
image_149.jpg,2
image_6207.jpg,2
image_5033.jpg,2
image_4676.jpg,2
image_4668.jpg,2
image_2330.jpg,2
image_662.jpg,2
image_6192.jpg,2
image_2582.jpg,2
image_1318.jpg,2
image_5029.jpg,2
image_4454.jpg,2
image_6143.jpg,2
image_5730.jpg,2
image_5662.jpg,2
image_2632.jpg,2
image_35.jpg,2
image_4381.jpg,2
image_4168.jpg,2
image_6188.jpg,2
image_4181.jpg,2
image_32.jpg,2
image_58.jpg,2
image_670.jpg,2
image_1092.jpg,2
image_2786.jpg,2
image_5027.jpg,2
image_5643.jpg,2
image_2668.jpg,2
image_6096.jpg,2
image_2526.jpg,2
image_5750.jpg,2
image_2515.jpg,2
image_2783.jpg,2
image_4441.jpg,2
image_1615.jpg,2
image_6162.jpg,2
image_4684.jpg,2
image_887.jpg,2
image_4395.jpg,2
image_1283.jpg,2
image_148.jpg,2
image_6148.jpg,2
image_888.jpg,2
image_4604.jpg,2
image_683.jpg,2
image_3162.jpg,2
image_4279.jpg,2
image_5035.jpg,2
image_5488.jpg,2
image_838.jpg,2
image_95.jpg,2
image_5477.jpg,2
image_5934.jpg,2
image_5065.jpg,2
image_2312.jpg,2
image_5496.jpg,2
image_5083.jpg,2
image_4169.jpg,2
image_653.jpg,2
image_2631.jpg,2
image_1328.jpg,2
image_3968.jpg,2
image_2788.jpg,2
image_5913.jpg,2
image_4875.jpg,2
image_4158.jpg,2
image_4408.jpg,2
image_4241.jpg,2
image_5926.jpg,2
image_723.jpg,2
image_4259.jpg,2
image_5957.jpg,2
image_6151.jpg,2
image_5505.jpg,2
image_2300.jpg,2
image_5747.jpg,2
image_1292.jpg,2
image_5731.jpg,2
image_4154.jpg,2
image_700.jpg,2
